Bot,Default profile,Default profile image,Favorite count,Follower count,Friend count,Listed count,Mean Hashtag/tweet,Mean URL/tweet,Mean User/tweet,Mean like/tweet,Mean retweet/tweet,Status count,Verified,screen_name_check,name_check,description_check,status_check
0.0,0.0,0.0,0.0,73656086.0,99.0,87996.0,0.64,1.08,0.25,116707.08,15385.7,3200.0,1.0,0.0,0.0,0.0,0.0
0.0,1.0,0.0,33275.0,9248.0,1536.0,200.0,0.01,0.4,1.25,24.07,124.71,9474.0,0.0,0.0,0.0,0.0,0.0
1.0,0.0,0.0,0.0,175.0,0.0,12.0,0.0,0.0,1.98,0.9,0.11,199.0,0.0,0.0,0.0,1.0,0.0
0.0,0.0,0.0,29.0,101.0,82.0,0.0,0.5,0.38,0.3,0.01,94.51,6567.0,0.0,0.0,0.0,0.0,0.0
1.0,1.0,1.0,0.0,79.0,0.0,10.0,0.0,1.0,0.0,0.48,0.44,1261.0,0.0,1.0,1.0,1.0,0.0
1.0,1.0,0.0,5106.0,1684.0,0.0,170.0,0.0,1.0,1.0,1.86,0.78,57061.0,0.0,0.0,1.0,1.0,0.0
0.0,0.0,0.0,5108.0,501713.0,792.0,4890.0,0.2,0.49,1.59,80.52,469.92,10097.0,1.0,0.0,0.0,0.0,0.0
0.0,0.0,0.0,19.0,242379.0,1042.0,1421.0,0.03,0.99,0.14,37.3,15.27,19541.0,1.0,0.0,0.0,0.0,0.0
0.0,0.0,0.0,28.0,24019.0,24966.0,721.0,0.77,0.89,0.0,4.26,1.32,1757.0,0.0,0.0,0.0,0.0,0.0
1.0,1.0,0.0,0.0,127.0,22.0,7.0,0.0,0.0,0.06,0.08,0.02,4588.0,0.0,0.0,0.0,1.0,0.0
0.0,0.0,0.0,18329.0,2174825.0,638.0,19612.0,0.07,0.51,0.93,554.66,414.03,79840.0,1.0,0.0,0.0,0.0,0.0
0.0,0.0,0.0,14.0,179639.0,228.0,1545.0,0.43,0.61,0.74,354.25,3236.61,1057.0,1.0,0.0,0.0,1.0,0.0
0.0,0.0,0.0,332.0,593172.0,109.0,4538.0,0.57,0.76,0.73,273.53,22.63,16353.0,1.0,0.0,0.0,1.0,0.0
0.0,0.0,0.0,943.0,129823.0,422.0,3138.0,0.06,0.49,1.37,62.03,21.06,3621.0,1.0,0.0,0.0,0.0,0.0
1.0,1.0,0.0,0.0,711.0,0.0,14.0,0.61,1.0,0.0,1.11,0.53,1601.0,0.0,1.0,1.0,0.0,0.0
0.0,0.0,0.0,7490.0,16374.0,994.0,1460.0,0.01,0.39,0.92,26.35,7.57,9624.0,0.0,1.0,1.0,0.0,0.0
1.0,0.0,0.0,19828.0,803.0,0.0,15.0,0.99,0.01,0.01,0.43,0.36,43494.0,0.0,1.0,1.0,0.0,0.0
0.0,0.0,0.0,7.0,3434.0,2524.0,267.0,1.3,0.25,1.37,1.07,18.64,1255.0,1.0,0.0,0.0,0.0,0.0
1.0,1.0,0.0,26.0,618.0,14.0,29.0,0.03,0.9,0.35,0.77,1.06,3268.0,0.0,0.0,1.0,0.0,0.0
1.0,1.0,0.0,5.0,1419.0,16.0,37.0,0.0,1.0,0.0,2.15,1.0,2179.0,0.0,1.0,1.0,1.0,0.0
0.0,0.0,0.0,80.0,49.0,234.0,0.0,0.36,0.14,0.37,0.1,104.46,1539.0,0.0,0.0,0.0,0.0,0.0
1.0,1.0,0.0,0.0,181.0,0.0,78.0,1.01,0.0,0.0,0.0,0.04,684818.0,0.0,1.0,1.0,0.0,0.0
1.0,0.0,0.0,0.0,256.0,13.0,17.0,0.01,0.0,1.1,0.11,0.41,451.0,0.0,0.0,0.0,0.0,0.0
0.0,0.0,0.0,8.0,11761793.0,0.0,6025.0,0.21,0.37,1.66,752.55,346.9,5631.0,1.0,0.0,0.0,1.0,0.0
0.0,0.0,0.0,6425.0,3556.0,760.0,175.0,0.06,0.32,1.46,1.19,1987.46,5777.0,0.0,0.0,0.0,1.0,0.0
0.0,0.0,0.0,14351.0,355.0,1141.0,82.0,0.16,0.58,1.09,0.34,3031.99,5475.0,0.0,0.0,0.0,0.0,0.0
0.0,0.0,0.0,2946.0,687.0,1722.0,13.0,0.03,0.37,1.1,0.92,1015.93,22405.0,0.0,0.0,0.0,0.0,0.0
1.0,1.0,0.0,0.0,655.0,1.0,23.0,0.0,1.0,0.0,0.92,0.37,6264.0,0.0,1.0,1.0,1.0,0.0
1.0,0.0,0.0,1590.0,28399.0,106.0,81.0,0.08,0.31,0.7,1.87,98.07,50552.0,0.0,0.0,0.0,0.0,0.0
1.0,1.0,0.0,0.0,9.0,0.0,2.0,0.0,0.0,1.0,0.0,0.0,1947.0,0.0,0.0,0.0,0.0,0.0
0.0,0.0,0.0,0.0,157.0,276.0,7.0,0.0,0.0,0.71,0.0,167.08,4363.0,0.0,0.0,0.0,0.0,0.0
1.0,0.0,0.0,19798.0,487.0,868.0,8.0,0.2,0.26,1.42,0.11,16195.88,25232.0,0.0,0.0,0.0,1.0,0.0
0.0,0.0,0.0,2357.0,345.0,278.0,2.0,0.13,0.81,0.13,0.21,4.4,6338.0,0.0,0.0,0.0,0.0,0.0
1.0,1.0,0.0,3.0,57409.0,1.0,785.0,0.0,2.0,1.0,0.1,0.02,8404441.0,0.0,1.0,1.0,0.0,0.0
1.0,1.0,0.0,0.0,21.0,0.0,11.0,0.0,1.0,0.0,0.02,0.01,1212.0,0.0,0.0,1.0,1.0,0.0
1.0,1.0,0.0,1.0,1026.0,0.0,18.0,0.0,1.99,0.0,0.0,0.0,607420.0,0.0,0.0,0.0,0.0,0.0
0.0,0.0,0.0,19.0,5101076.0,1924.0,19570.0,0.34,1.06,0.7,1198.62,258.65,34212.0,1.0,0.0,0.0,0.0,0.0
1.0,1.0,0.0,1.0,219.0,3.0,23.0,0.0,0.0,0.5,0.0,1.88,5901.0,0.0,1.0,1.0,1.0,0.0
1.0,1.0,0.0,0.0,3.0,1.0,5.0,0.0,0.0,0.0,0.01,0.0,63519.0,0.0,0.0,0.0,0.0,0.0
1.0,0.0,0.0,0.0,983.0,5.0,77.0,0.01,0.01,0.0,0.14,0.06,34018.0,0.0,0.0,0.0,1.0,0.0
1.0,0.0,0.0,62.0,2399.0,0.0,199.0,0.0,1.0,0.0,1.37,0.43,48626.0,0.0,1.0,1.0,0.0,0.0
1.0,0.0,0.0,2.0,14.0,0.0,8.0,0.0,0.0,0.0,0.09,0.01,3422.0,0.0,0.0,0.0,0.0,0.0
1.0,1.0,0.0,0.0,20.0,0.0,16.0,0.0,0.0,0.0,0.04,0.05,42455.0,0.0,0.0,0.0,1.0,0.0
0.0,0.0,0.0,1834.0,1782.0,1013.0,65.0,0.37,0.68,2.19,6.97,2.43,955.0,0.0,0.0,0.0,0.0,0.0
0.0,1.0,0.0,292.0,71.0,83.0,0.0,0.0,0.05,0.99,0.19,309.32,167.0,0.0,0.0,0.0,0.0,0.0
1.0,0.0,0.0,1.0,267.0,1.0,17.0,0.0,1.0,0.0,0.07,0.07,5438.0,0.0,0.0,0.0,1.0,0.0
0.0,0.0,0.0,114.0,534226.0,475.0,4438.0,0.0,0.91,0.37,221.42,91.8,12238.0,1.0,0.0,0.0,0.0,0.0
1.0,1.0,0.0,7.0,843.0,20.0,27.0,1.13,0.0,0.0,0.4,0.51,3421.0,0.0,0.0,0.0,0.0,0.0
0.0,0.0,0.0,888.0,119551.0,511.0,435.0,0.29,1.0,0.34,6.59,0.2,40525.0,1.0,0.0,0.0,0.0,0.0
0.0,0.0,0.0,2383.0,62419.0,303.0,1442.0,0.17,0.8,1.61,153.64,27.78,3313.0,1.0,0.0,0.0,0.0,0.0
1.0,1.0,0.0,0.0,1299.0,1.0,32.0,1.0,0.57,0.62,0.13,0.12,228.0,0.0,1.0,1.0,0.0,0.0
1.0,0.0,0.0,5.0,21723.0,2.0,361.0,0.01,1.35,0.46,19.97,15.91,7248.0,0.0,0.0,1.0,0.0,0.0
1.0,1.0,0.0,87.0,4.0,32.0,0.0,3.46,0.72,1.42,0.0,4980.34,181.0,0.0,0.0,0.0,0.0,0.0
0.0,0.0,0.0,28.0,194.0,222.0,1.0,0.37,0.61,0.75,0.23,679.21,312.0,0.0,0.0,0.0,0.0,0.0
0.0,0.0,0.0,243.0,82.0,265.0,0.0,0.09,0.74,0.98,0.47,2046.82,481.0,0.0,0.0,0.0,1.0,0.0
0.0,0.0,0.0,198.0,27650506.0,130.0,59091.0,0.2,0.8,0.87,4919.46,360.01,2907.0,1.0,0.0,0.0,0.0,0.0
1.0,1.0,0.0,6.0,3438.0,1.0,194.0,0.0,1.0,0.0,4.24,1.59,3293.0,0.0,0.0,0.0,1.0,0.0
1.0,0.0,0.0,0.0,32.0,0.0,20.0,0.0,0.0,0.0,0.08,0.05,5052.0,0.0,0.0,0.0,0.0,0.0
1.0,0.0,0.0,0.0,224.0,1.0,46.0,0.02,1.0,0.24,0.1,0.04,20441.0,0.0,0.0,0.0,0.0,0.0
0.0,0.0,0.0,224.0,6006.0,1704.0,19.0,0.42,0.41,0.99,2.49,387.34,8633.0,0.0,0.0,0.0,0.0,0.0
1.0,1.0,0.0,86.0,763.0,52.0,65.0,0.0,0.2,0.0,1.35,0.37,4420.0,0.0,0.0,0.0,1.0,0.0
1.0,0.0,0.0,1.0,345.0,5.0,44.0,0.0,1.0,0.0,0.09,0.05,70202.0,0.0,0.0,0.0,1.0,0.0
1.0,1.0,0.0,7.0,44003.0,1.0,498.0,0.0,0.02,0.53,5.16,1.2,159499.0,0.0,0.0,0.0,1.0,0.0
0.0,0.0,0.0,12970.0,454.0,593.0,18.0,0.05,0.55,1.03,0.68,1501.32,2761.0,0.0,0.0,0.0,0.0,0.0
0.0,0.0,0.0,24874.0,1557859.0,2775.0,9761.0,0.06,0.55,1.1,415.3,29.37,25287.0,1.0,0.0,0.0,0.0,0.0
1.0,0.0,0.0,1812.0,2082.0,403.0,23.0,0.0,0.15,0.48,6.86,1.51,2428.0,0.0,0.0,1.0,1.0,0.0
1.0,0.0,0.0,314.0,21.0,2156.0,0.0,1.46,0.52,1.66,0.0,9917.36,405.0,0.0,0.0,0.0,0.0,0.0
0.0,0.0,0.0,22.0,1525824.0,138.0,20944.0,0.0,1.0,0.0,660.38,202.64,13546.0,1.0,0.0,0.0,0.0,0.0
1.0,0.0,0.0,0.0,902.0,13.0,85.0,0.0,0.06,0.0,0.29,0.09,8660.0,0.0,1.0,1.0,1.0,0.0
0.0,0.0,0.0,55063.0,2237366.0,44183.0,7237.0,0.3,0.32,1.09,382.31,69.48,19746.0,1.0,0.0,0.0,0.0,0.0
0.0,0.0,0.0,22679.0,113.0,187.0,0.0,0.01,0.61,0.24,0.33,2003.27,9397.0,0.0,0.0,0.0,0.0,0.0
1.0,0.0,0.0,4.0,180.0,2.0,17.0,0.0,2.0,0.0,0.75,0.18,658.0,0.0,1.0,0.0,1.0,0.0
0.0,1.0,0.0,8527.0,1857.0,3324.0,27.0,0.51,0.88,0.85,1.35,4.56,1208.0,0.0,0.0,0.0,0.0,0.0
0.0,0.0,0.0,256.0,150.0,439.0,0.0,0.45,0.47,0.77,0.05,69.38,830.0,0.0,0.0,0.0,0.0,0.0
0.0,0.0,0.0,1131.0,98.0,247.0,0.0,0.02,0.3,1.74,0.86,68.65,2010.0,0.0,0.0,0.0,0.0,0.0
0.0,0.0,0.0,2162.0,91.0,93.0,0.0,0.0,0.41,0.98,0.03,52775.94,4337.0,0.0,0.0,0.0,0.0,0.0
1.0,1.0,0.0,1.0,722.0,4.0,38.0,0.0,1.0,0.0,0.06,0.01,18015.0,0.0,0.0,0.0,1.0,0.0
0.0,0.0,0.0,130.0,3137352.0,421.0,14589.0,0.06,0.63,0.83,511.67,1084.32,6874.0,1.0,0.0,0.0,0.0,0.0
1.0,0.0,0.0,0.0,109.0,1.0,35.0,0.0,1.0,0.0,0.19,0.03,3327.0,0.0,0.0,0.0,1.0,0.0
0.0,0.0,0.0,47360.0,88438.0,11998.0,4968.0,0.18,0.43,1.73,3.34,47.81,97197.0,1.0,0.0,0.0,0.0,0.0
1.0,0.0,0.0,1.0,474.0,284.0,60.0,0.12,0.34,1.07,0.0,13.78,38295.0,0.0,1.0,1.0,1.0,0.0
0.0,1.0,0.0,24910.0,1564.0,1418.0,31.0,0.1,0.34,1.3,0.0,7447.43,23564.0,0.0,0.0,0.0,0.0,0.0
1.0,0.0,0.0,3029.0,12259.0,8923.0,119.0,0.63,0.65,0.99,7.53,3.22,2096.0,0.0,0.0,0.0,1.0,0.0
0.0,0.0,0.0,942.0,1702861.0,1290.0,4889.0,0.22,0.45,0.95,8537.62,5644.47,3964.0,1.0,0.0,0.0,0.0,0.0
1.0,1.0,0.0,0.0,1176.0,2.0,89.0,1.0,1.0,1.0,0.7,0.41,24199.0,0.0,0.0,0.0,1.0,0.0
0.0,0.0,0.0,4040.0,1772196.0,1293.0,3067.0,0.34,0.83,0.55,349.53,48.74,27145.0,1.0,0.0,0.0,1.0,0.0
0.0,1.0,0.0,601.0,11976.0,389.0,454.0,0.2,0.87,1.43,6.39,51.74,360.0,0.0,0.0,0.0,0.0,0.0
0.0,0.0,0.0,549.0,877118.0,60.0,2722.0,0.41,0.86,0.33,1070.49,369.2,16660.0,1.0,0.0,0.0,0.0,0.0
0.0,0.0,0.0,37.0,864220.0,378.0,4889.0,0.18,0.47,0.72,292.15,2271.75,18520.0,1.0,0.0,0.0,0.0,0.0
0.0,0.0,0.0,602.0,2279452.0,443.0,11687.0,0.05,0.76,0.89,643.64,463.88,10472.0,1.0,0.0,0.0,0.0,0.0
1.0,0.0,0.0,0.0,6.0,1.0,9.0,0.0,0.0,0.0,0.01,0.0,5856.0,0.0,0.0,0.0,1.0,0.0
0.0,1.0,0.0,4233.0,1437.0,4191.0,33.0,0.73,0.7,2.09,0.13,944.99,8597.0,0.0,0.0,0.0,0.0,0.0
0.0,0.0,0.0,106.0,17346.0,438.0,931.0,0.18,0.67,1.14,3.09,1.42,3421.0,0.0,0.0,0.0,0.0,0.0
0.0,0.0,0.0,1186.0,179385.0,7532.0,3381.0,0.46,0.89,0.66,21.31,241.11,7214.0,1.0,0.0,0.0,0.0,0.0
0.0,0.0,0.0,860.0,25007069.0,1500.0,47102.0,0.81,1.0,0.04,5132.24,1407.33,7233.0,1.0,0.0,0.0,0.0,0.0
0.0,0.0,0.0,3017.0,288856.0,211642.0,984.0,0.14,0.18,0.57,17.1,38.17,566.0,0.0,0.0,0.0,0.0,0.0
0.0,0.0,0.0,5726.0,20856.0,19894.0,736.0,0.2,0.7,1.2,4.79,739.55,4513.0,0.0,0.0,0.0,0.0,0.0
1.0,0.0,0.0,2.0,193.0,0.0,30.0,0.0,0.0,0.0,0.05,0.01,34491.0,0.0,1.0,0.0,0.0,0.0
1.0,1.0,0.0,5.0,2829.0,0.0,28.0,0.0,1.99,0.0,0.06,0.0,539792.0,0.0,1.0,0.0,0.0,0.0
0.0,0.0,0.0,1612.0,3263655.0,17.0,18708.0,0.44,0.65,1.01,23237.23,4823.3,8142.0,1.0,0.0,0.0,0.0,0.0
1.0,1.0,0.0,0.0,673.0,0.0,17.0,0.0,1.0,0.0,1.83,0.85,4000.0,0.0,1.0,0.0,1.0,0.0
0.0,0.0,0.0,65.0,139.0,425.0,10.0,0.49,0.46,1.05,0.29,0.68,1114.0,0.0,0.0,0.0,0.0,0.0
0.0,0.0,0.0,1738.0,65781.0,1205.0,206.0,1.41,0.95,0.18,15.55,24.63,13678.0,1.0,0.0,0.0,0.0,0.0
0.0,0.0,0.0,113.0,3700965.0,7204.0,18272.0,0.01,1.0,0.1,5804.84,1984.78,38347.0,1.0,0.0,0.0,0.0,0.0
1.0,0.0,0.0,9741.0,731.0,13.0,157.0,0.31,0.08,0.02,0.09,0.03,30773.0,0.0,0.0,0.0,1.0,0.0
0.0,0.0,0.0,1406.0,5033.0,3562.0,205.0,1.29,0.85,1.4,2.44,23.16,2088.0,0.0,0.0,0.0,0.0,0.0
1.0,1.0,0.0,5.0,491.0,11.0,48.0,0.12,0.08,1.01,0.0,9.27,45881.0,0.0,0.0,0.0,0.0,0.0
1.0,1.0,0.0,0.0,726.0,1.0,52.0,0.0,0.8,0.0,0.13,0.05,20616.0,0.0,1.0,0.0,0.0,0.0
1.0,1.0,0.0,49.0,48.0,71.0,9.0,3.36,1.68,0.39,0.06,3.21,2675.0,0.0,0.0,0.0,0.0,0.0
1.0,0.0,0.0,0.0,13.0,1.0,4.0,0.0,2.0,0.0,0.0,0.0,787.0,0.0,1.0,0.0,1.0,0.0
0.0,0.0,0.0,1099.0,57574.0,6025.0,831.0,0.42,0.71,1.38,27.45,7.29,5082.0,1.0,0.0,0.0,1.0,0.0
1.0,0.0,0.0,0.0,747.0,0.0,19.0,0.0,1.0,0.0,5.16,2.58,1123.0,0.0,0.0,0.0,1.0,0.0
1.0,0.0,0.0,0.0,23.0,1.0,12.0,0.0,0.0,0.0,0.01,0.0,13950.0,0.0,0.0,1.0,1.0,0.0
0.0,0.0,0.0,15315.0,28434.0,1436.0,643.0,0.09,0.49,1.32,14.39,5032.64,14401.0,0.0,0.0,0.0,1.0,0.0
1.0,0.0,0.0,96389.0,864.0,2099.0,19.0,0.0,0.35,1.07,1.91,5263.0,18405.0,0.0,0.0,0.0,0.0,0.0
1.0,1.0,0.0,0.0,75.0,0.0,16.0,0.0,0.0,0.0,0.01,0.0,2244.0,0.0,0.0,0.0,0.0,0.0
0.0,0.0,0.0,1874.0,14740.0,1224.0,405.0,0.31,0.75,1.0,3.48,5.97,4276.0,1.0,0.0,0.0,0.0,0.0
1.0,0.0,0.0,0.0,10.0,0.0,7.0,0.0,1.0,0.0,0.0,0.0,21314.0,0.0,0.0,0.0,0.0,0.0
1.0,1.0,0.0,0.0,986.0,0.0,64.0,0.0,1.0,0.01,0.31,0.05,27891.0,0.0,1.0,1.0,1.0,0.0
0.0,0.0,0.0,0.0,38323629.0,3.0,132325.0,0.1,0.98,0.14,1788.48,1011.22,34525.0,1.0,0.0,0.0,1.0,0.0
0.0,0.0,0.0,0.0,96.0,1539.0,0.0,0.01,1.07,0.12,0.06,0.0,125.0,0.0,0.0,0.0,0.0,0.0
0.0,1.0,0.0,8806.0,216.0,1032.0,5.0,0.44,0.51,1.29,0.5,3639.29,2180.0,0.0,0.0,0.0,0.0,0.0
0.0,0.0,0.0,20801.0,14450226.0,598.0,37497.0,0.3,0.33,1.08,6829.4,4941.23,10207.0,1.0,0.0,0.0,0.0,0.0
1.0,1.0,0.0,0.0,53.0,1.0,11.0,0.0,0.98,0.0,0.03,0.11,160.0,0.0,0.0,0.0,1.0,0.0
1.0,0.0,0.0,11.0,1930.0,4.0,60.0,0.28,1.0,0.76,0.15,0.06,56679.0,0.0,1.0,1.0,1.0,0.0
1.0,1.0,0.0,77.0,730.0,4029.0,5.0,0.41,0.91,1.66,1.23,331.24,1175.0,0.0,0.0,0.0,0.0,0.0
0.0,0.0,0.0,46.0,20.0,32.0,0.0,0.04,0.04,0.91,0.05,87.59,691.0,0.0,0.0,0.0,0.0,0.0
0.0,1.0,0.0,424.0,77.0,566.0,2.0,0.18,0.56,0.77,0.69,7834.37,239.0,0.0,0.0,0.0,0.0,0.0
0.0,0.0,0.0,15514.0,304470.0,656.0,2116.0,0.52,0.64,1.32,10.38,5196.38,17208.0,1.0,0.0,0.0,0.0,0.0
0.0,0.0,0.0,9705.0,187313.0,1141.0,2246.0,0.18,0.64,1.19,424.72,27.14,12423.0,1.0,0.0,0.0,0.0,0.0
1.0,0.0,0.0,0.0,48.0,1.0,13.0,0.0,1.0,0.0,0.21,0.49,111.0,0.0,1.0,1.0,1.0,0.0
0.0,0.0,0.0,33697.0,271602.0,1487.0,4583.0,0.05,0.37,1.08,8.47,71.49,13516.0,1.0,0.0,0.0,0.0,0.0
1.0,0.0,0.0,0.0,621.0,0.0,62.0,0.0,0.0,0.0,0.52,0.21,11764.0,0.0,0.0,0.0,0.0,0.0
1.0,0.0,0.0,2.0,233.0,0.0,51.0,0.0,1.0,0.0,0.18,0.06,18003.0,0.0,0.0,0.0,1.0,0.0
0.0,0.0,0.0,0.0,20854.0,15.0,118.0,1.81,0.89,0.2,103.04,173.29,594.0,0.0,0.0,0.0,0.0,0.0
1.0,1.0,0.0,0.0,4141.0,2.0,134.0,0.0,1.0,0.0,2.37,0.48,6986.0,0.0,0.0,1.0,1.0,0.0
0.0,1.0,0.0,293.0,935.0,1576.0,33.0,0.29,0.51,0.85,0.48,560.98,2264.0,0.0,0.0,0.0,0.0,0.0
0.0,0.0,0.0,164.0,1825437.0,512.0,9850.0,0.34,0.98,1.16,531.59,142.56,6145.0,1.0,0.0,0.0,0.0,0.0
1.0,0.0,0.0,0.0,2417.0,4.0,72.0,0.0,0.0,0.0,0.48,0.17,69699.0,0.0,1.0,1.0,0.0,0.0
1.0,1.0,0.0,0.0,419.0,1.0,25.0,0.0,0.0,0.0,0.32,0.08,2761.0,0.0,0.0,0.0,1.0,0.0
1.0,1.0,0.0,66.0,0.0,29.0,0.0,3.62,0.69,1.35,0.0,5267.41,109.0,0.0,0.0,0.0,0.0,0.0
1.0,0.0,0.0,23.0,45.0,1.0,9.0,0.0,0.01,0.01,0.03,0.01,9821.0,0.0,0.0,0.0,0.0,0.0
0.0,0.0,0.0,5055.0,17956.0,129.0,479.0,0.16,0.43,1.01,21.53,1.44,6197.0,1.0,0.0,0.0,0.0,0.0
0.0,0.0,0.0,69.0,5920.0,768.0,207.0,0.01,0.75,0.15,20.47,21.55,21787.0,1.0,0.0,0.0,0.0,0.0
1.0,1.0,0.0,1.0,484.0,605.0,13.0,0.0,0.0,1.0,0.07,0.05,6857.0,0.0,1.0,1.0,1.0,0.0
0.0,0.0,0.0,1103.0,4396.0,2032.0,322.0,0.51,0.44,1.73,1.26,840.73,6987.0,0.0,0.0,0.0,0.0,0.0
0.0,0.0,0.0,6527.0,85308.0,6577.0,2568.0,0.08,0.66,0.82,57.74,457.09,21548.0,1.0,0.0,0.0,0.0,0.0
1.0,1.0,0.0,1.0,59.0,1.0,15.0,0.08,0.08,0.07,0.02,0.01,9249.0,0.0,0.0,0.0,0.0,0.0
0.0,0.0,0.0,3566.0,29585948.0,286.0,91334.0,0.35,0.78,1.18,2020.7,782.99,52050.0,1.0,0.0,0.0,0.0,0.0
1.0,1.0,0.0,0.0,63.0,0.0,5.0,0.0,1.4,0.0,0.34,0.25,372.0,0.0,0.0,0.0,1.0,0.0
0.0,0.0,0.0,17070.0,42197332.0,886.0,195354.0,0.01,0.84,0.27,239.17,135.95,323244.0,1.0,0.0,0.0,1.0,0.0
1.0,0.0,0.0,4448.0,663970.0,13647.0,13756.0,0.0,1.96,0.01,23.95,7.19,73135.0,1.0,0.0,0.0,0.0,0.0
0.0,0.0,0.0,639.0,21758.0,574.0,519.0,0.19,0.82,1.0,19.44,1563.86,2050.0,1.0,0.0,0.0,1.0,0.0
0.0,0.0,0.0,174.0,25516563.0,51.0,7104.0,0.5,0.86,0.74,55940.7,5065.28,1517.0,1.0,0.0,0.0,0.0,0.0
1.0,0.0,0.0,0.0,162.0,0.0,37.0,0.0,0.0,0.0,0.56,0.4,102.0,0.0,0.0,0.0,1.0,0.0
1.0,0.0,0.0,0.0,138.0,0.0,11.0,0.0,1.0,0.0,0.04,0.14,4414.0,0.0,1.0,1.0,1.0,0.0
0.0,0.0,0.0,285.0,85.0,474.0,4.0,0.43,0.94,0.89,0.04,1115.8,119.0,0.0,0.0,0.0,0.0,0.0
0.0,0.0,0.0,109.0,657758.0,502.0,13589.0,0.05,0.2,1.17,99.3,18.95,12365.0,1.0,0.0,0.0,0.0,0.0
0.0,1.0,0.0,438.0,443.0,917.0,19.0,0.59,0.85,1.08,0.98,718.82,1003.0,0.0,0.0,0.0,0.0,0.0
0.0,0.0,0.0,4592.0,785384.0,5068.0,9106.0,0.26,0.61,1.27,130.38,1081.33,22711.0,1.0,0.0,0.0,0.0,0.0
1.0,1.0,0.0,0.0,325.0,0.0,22.0,0.0,1.0,0.0,0.2,0.27,13374.0,0.0,1.0,0.0,1.0,0.0
1.0,1.0,0.0,1109.0,49208.0,54118.0,156.0,0.04,0.99,0.11,76.34,36.35,3489.0,0.0,0.0,0.0,0.0,0.0
0.0,0.0,0.0,431.0,141.0,177.0,25.0,0.39,0.35,1.5,0.32,290.01,4854.0,0.0,0.0,0.0,1.0,0.0
0.0,0.0,0.0,3477.0,1794559.0,900.0,28005.0,0.02,0.39,1.05,52.08,12.03,11615.0,1.0,0.0,0.0,0.0,0.0
1.0,1.0,0.0,86.0,662.0,0.0,3.0,0.0,0.97,0.02,0.07,0.01,21132.0,0.0,0.0,0.0,0.0,0.0
0.0,0.0,0.0,1884.0,18669.0,696.0,342.0,0.09,0.63,0.66,70.84,181.46,9308.0,1.0,0.0,0.0,0.0,0.0
1.0,1.0,0.0,0.0,197.0,6.0,12.0,0.0,1.0,0.0,0.19,0.05,1700.0,0.0,0.0,1.0,0.0,0.0
0.0,1.0,0.0,3852.0,261172.0,333.0,2541.0,0.0,0.6,0.67,544.58,819.48,5164.0,0.0,0.0,0.0,0.0,0.0
1.0,0.0,0.0,0.0,198.0,1.0,23.0,0.0,0.01,0.0,0.0,0.01,33281.0,0.0,1.0,1.0,1.0,0.0
0.0,0.0,0.0,948.0,2053.0,760.0,78.0,0.14,0.59,1.49,0.53,2543.85,6530.0,0.0,0.0,0.0,0.0,0.0
1.0,0.0,0.0,1.0,37.0,0.0,13.0,0.0,0.0,0.0,0.06,0.05,394.0,0.0,0.0,0.0,0.0,0.0
0.0,0.0,0.0,1237.0,254.0,443.0,4.0,0.32,0.52,0.55,3.81,23372.63,7155.0,0.0,0.0,0.0,0.0,0.0
0.0,0.0,0.0,11173.0,963.0,727.0,41.0,0.3,0.62,1.27,2.59,14353.42,2561.0,0.0,0.0,0.0,0.0,0.0
1.0,1.0,0.0,0.0,22.0,0.0,16.0,0.0,0.0,0.0,0.15,0.1,2584.0,0.0,1.0,1.0,1.0,0.0
1.0,1.0,0.0,0.0,14.0,0.0,8.0,0.0,0.0,0.0,0.0,0.06,2653.0,0.0,0.0,0.0,1.0,0.0
1.0,1.0,0.0,0.0,69.0,0.0,111.0,0.03,0.0,0.96,0.11,0.06,4415.0,0.0,1.0,1.0,1.0,0.0
0.0,0.0,0.0,10050.0,5470.0,1101.0,108.0,0.14,0.72,0.76,0.58,137.95,100121.0,0.0,0.0,0.0,1.0,0.0
0.0,0.0,0.0,10.0,45.0,76.0,0.0,0.33,0.34,0.6,0.01,296.8,103.0,0.0,0.0,0.0,0.0,0.0
0.0,0.0,0.0,957.0,587.0,719.0,33.0,0.19,0.33,1.19,0.71,1840.8,1007.0,0.0,0.0,0.0,0.0,0.0
0.0,1.0,0.0,4715.0,13413.0,2076.0,856.0,0.2,0.66,1.45,1.23,5615.31,5974.0,1.0,0.0,0.0,0.0,0.0
1.0,1.0,0.0,137.0,5282.0,150.0,152.0,0.0,0.09,1.0,0.1,0.03,143840.0,0.0,0.0,0.0,0.0,0.0
1.0,0.0,0.0,0.0,37.0,92.0,6.0,0.0,0.0,0.0,0.01,0.01,12870.0,0.0,0.0,0.0,0.0,0.0
1.0,1.0,0.0,4.0,224.0,190.0,9.0,0.0,1.0,0.0,0.06,0.03,7875.0,0.0,0.0,0.0,0.0,0.0
1.0,1.0,0.0,0.0,55.0,0.0,19.0,0.0,1.0,0.0,0.01,0.02,3282.0,0.0,0.0,0.0,1.0,0.0
0.0,1.0,0.0,4276.0,370.0,157.0,34.0,0.05,0.3,1.25,0.2,1165.6,3619.0,0.0,0.0,0.0,0.0,0.0
0.0,1.0,0.0,60.0,249.0,542.0,22.0,3.3,0.82,0.59,0.32,360.96,536.0,0.0,0.0,0.0,0.0,0.0
1.0,1.0,0.0,0.0,6.0,0.0,8.0,0.0,1.0,0.0,0.0,0.0,583.0,0.0,0.0,0.0,0.0,0.0
0.0,0.0,0.0,818.0,2670968.0,134.0,7302.0,0.36,0.95,0.88,1532.07,285.01,4638.0,1.0,0.0,0.0,0.0,0.0
0.0,1.0,0.0,224.0,701.0,1348.0,7.0,0.11,0.2,1.01,0.36,18.71,2750.0,0.0,0.0,0.0,0.0,0.0
1.0,1.0,0.0,18.0,516.0,732.0,16.0,0.01,1.35,0.04,0.17,0.14,2027.0,0.0,1.0,1.0,1.0,0.0
0.0,0.0,0.0,5.0,21985.0,180.0,352.0,0.27,0.8,0.8,16.5,2.7,4454.0,1.0,0.0,0.0,0.0,0.0
1.0,0.0,0.0,0.0,34028.0,17603.0,882.0,0.24,1.56,1.14,0.38,0.18,191854.0,0.0,0.0,0.0,0.0,0.0
0.0,0.0,0.0,6394.0,902774.0,5235.0,3390.0,0.03,0.86,0.57,9.21,1544.37,92433.0,1.0,0.0,0.0,0.0,0.0
1.0,1.0,0.0,0.0,1055.0,2.0,60.0,0.0,1.0,0.0,2.35,0.35,9642.0,0.0,0.0,0.0,0.0,0.0
0.0,1.0,0.0,557.0,948.0,925.0,18.0,0.26,0.87,1.27,1.33,2.02,879.0,0.0,0.0,0.0,0.0,0.0
0.0,0.0,0.0,2883.0,51.0,551.0,0.0,0.16,0.37,1.09,0.51,845.57,216.0,0.0,0.0,0.0,0.0,0.0
0.0,0.0,0.0,270.0,566.0,1502.0,24.0,0.99,0.99,0.01,0.04,0.01,6754.0,0.0,0.0,0.0,0.0,0.0
1.0,1.0,0.0,0.0,13.0,0.0,8.0,0.0,0.94,0.0,0.98,1.35,129.0,0.0,1.0,0.0,1.0,0.0
1.0,1.0,0.0,64.0,410.0,6.0,66.0,0.0,0.01,0.0,0.04,0.04,59820.0,0.0,1.0,1.0,1.0,0.0
1.0,0.0,0.0,0.0,94.0,3.0,14.0,0.01,0.0,0.02,0.06,0.03,2464.0,0.0,0.0,0.0,1.0,0.0
1.0,0.0,0.0,0.0,14.0,0.0,10.0,0.0,0.0,0.0,0.0,0.0,8756.0,0.0,0.0,0.0,1.0,0.0
0.0,0.0,0.0,22.0,3421803.0,446.0,7553.0,0.02,1.0,0.14,8.42,1.79,5055.0,1.0,0.0,0.0,0.0,0.0
0.0,0.0,0.0,0.0,184.0,286.0,3.0,0.34,0.18,0.97,0.02,3.97,5299.0,0.0,0.0,0.0,0.0,0.0
0.0,0.0,0.0,3201.0,47821.0,1437.0,1191.0,0.38,0.63,1.75,36.04,123.95,9415.0,1.0,0.0,0.0,0.0,0.0
0.0,0.0,0.0,1530.0,682785.0,12557.0,2656.0,1.14,0.93,0.3,60.26,8.63,6792.0,1.0,0.0,0.0,0.0,0.0
0.0,0.0,0.0,99.0,3863693.0,661.0,7048.0,0.6,0.81,2.23,53.72,62.74,19926.0,1.0,0.0,0.0,0.0,0.0
0.0,1.0,0.0,8422.0,778178.0,414.0,7949.0,0.11,0.32,1.83,80.01,131.0,11868.0,1.0,0.0,0.0,0.0,0.0
0.0,0.0,0.0,94.0,8392141.0,112.0,7694.0,0.28,0.69,0.81,2443.53,688.33,6217.0,1.0,0.0,0.0,0.0,0.0
0.0,0.0,0.0,2568.0,1026.0,1606.0,16.0,0.11,0.34,1.0,13.53,3272.43,1793.0,0.0,1.0,0.0,0.0,0.0
0.0,0.0,0.0,379.0,192788.0,4799.0,1330.0,0.44,0.67,2.34,6.3,12.3,31371.0,1.0,1.0,1.0,0.0,0.0
1.0,0.0,0.0,0.0,42.0,0.0,13.0,0.0,1.0,0.0,0.05,0.0,2397.0,0.0,0.0,0.0,1.0,0.0
1.0,1.0,0.0,15.0,4309.0,3.0,331.0,0.0,0.97,1.0,0.0,0.0,234392.0,0.0,0.0,0.0,0.0,0.0
1.0,1.0,0.0,0.0,760.0,1.0,35.0,0.0,1.0,0.0,0.06,0.01,7144.0,0.0,0.0,0.0,0.0,0.0
0.0,0.0,0.0,71.0,62.0,377.0,7.0,0.04,1.0,1.01,0.02,0.0,8149.0,0.0,0.0,0.0,0.0,0.0
0.0,0.0,0.0,70.0,853.0,435.0,36.0,0.09,0.29,1.46,0.55,270.54,9711.0,0.0,0.0,0.0,0.0,0.0
0.0,0.0,0.0,487.0,156.0,245.0,1.0,1.57,0.28,0.68,1.09,383.72,539.0,0.0,0.0,0.0,0.0,0.0
1.0,0.0,0.0,0.0,196.0,0.0,27.0,0.0,0.0,0.0,0.31,0.09,2497.0,0.0,0.0,0.0,1.0,0.0
1.0,0.0,0.0,0.0,1341.0,1.0,77.0,0.0,1.98,0.0,0.68,0.2,5326.0,0.0,1.0,1.0,1.0,0.0
1.0,0.0,0.0,56.0,220.0,45.0,23.0,0.0,0.23,0.99,0.16,0.03,1993.0,0.0,0.0,0.0,0.0,0.0
0.0,0.0,0.0,21.0,127.0,552.0,0.0,0.08,0.16,1.14,0.08,1713.94,290.0,0.0,0.0,0.0,0.0,0.0
1.0,0.0,0.0,3.0,575.0,47.0,39.0,0.0,2.0,0.0,0.54,0.06,6034.0,0.0,1.0,1.0,0.0,0.0
1.0,0.0,0.0,0.0,8.0,0.0,9.0,0.0,0.0,0.0,0.15,0.06,5669.0,0.0,0.0,0.0,1.0,0.0
0.0,0.0,0.0,9863.0,21645.0,827.0,468.0,0.11,0.42,1.03,5.07,954.2,4479.0,0.0,0.0,0.0,0.0,0.0
1.0,1.0,0.0,0.0,135.0,0.0,44.0,0.0,0.0,0.0,0.02,0.02,40172.0,0.0,1.0,1.0,1.0,0.0
1.0,0.0,0.0,0.0,59.0,0.0,15.0,0.0,0.0,0.98,0.33,0.14,180.0,0.0,1.0,1.0,1.0,0.0
0.0,0.0,0.0,858.0,1503967.0,293.0,40276.0,0.37,1.0,0.69,9.16,4.53,187130.0,1.0,0.0,0.0,0.0,0.0
0.0,0.0,0.0,36.0,27814.0,961.0,269.0,0.41,0.54,0.51,1.99,8.04,9809.0,1.0,1.0,1.0,1.0,0.0
0.0,0.0,0.0,87.0,79.0,294.0,2.0,0.56,0.54,0.59,0.5,1100.11,249.0,0.0,0.0,0.0,1.0,0.0
0.0,0.0,0.0,4.0,7822691.0,13151.0,22111.0,0.23,0.59,0.74,4655.82,582.63,7014.0,1.0,0.0,0.0,0.0,0.0
0.0,1.0,0.0,65.0,104.0,325.0,3.0,0.38,0.45,1.06,0.29,5935.19,511.0,0.0,0.0,0.0,0.0,0.0
1.0,1.0,0.0,1.0,540.0,0.0,28.0,0.0,1.0,0.0,3.66,1.54,4314.0,0.0,0.0,0.0,0.0,0.0
0.0,0.0,0.0,4119.0,347918.0,2708.0,5440.0,0.0,0.7,0.73,17.3,86.75,18091.0,1.0,0.0,0.0,0.0,0.0
0.0,1.0,0.0,2174.0,4203.0,192.0,138.0,0.46,0.55,1.76,6.87,513.86,545.0,1.0,0.0,0.0,0.0,0.0
0.0,1.0,0.0,1569.0,866.0,1222.0,33.0,2.42,0.98,1.21,0.0,54.86,768.0,0.0,0.0,0.0,0.0,0.0
1.0,1.0,0.0,0.0,40.0,1.0,12.0,0.0,0.0,0.0,0.0,0.03,16003.0,0.0,1.0,0.0,1.0,0.0
0.0,0.0,0.0,1.0,48.0,88.0,0.0,0.28,0.05,0.45,0.0,25.96,1169.0,0.0,0.0,0.0,0.0,0.0
0.0,0.0,0.0,1151.0,2694.0,2571.0,134.0,0.23,0.43,1.04,0.45,798.84,11010.0,0.0,0.0,0.0,0.0,0.0
1.0,1.0,0.0,3.0,42.0,5.0,12.0,0.0,0.0,0.0,0.06,0.03,2396.0,0.0,0.0,0.0,1.0,0.0
0.0,0.0,0.0,990.0,1034845.0,315.0,2572.0,0.58,0.65,1.22,39.59,1540.03,5254.0,1.0,0.0,0.0,0.0,0.0
0.0,0.0,0.0,744.0,62351.0,302.0,1159.0,0.58,0.42,0.77,28.38,172.77,12250.0,1.0,0.0,0.0,0.0,0.0
0.0,0.0,0.0,4484.0,6745890.0,1438.0,1245.0,0.06,0.48,1.27,333.46,7327.76,6430.0,1.0,0.0,0.0,0.0,0.0
0.0,1.0,0.0,10648.0,153.0,153.0,0.0,0.05,0.32,0.48,4.12,2233.72,161.0,0.0,0.0,0.0,0.0,0.0
0.0,1.0,0.0,70.0,13852.0,934.0,258.0,0.7,1.29,0.8,2.29,7.53,2726.0,0.0,0.0,0.0,0.0,0.0
1.0,0.0,0.0,0.0,27731.0,11262.0,505.0,0.0,0.0,0.99,0.16,0.04,1661756.0,0.0,0.0,0.0,1.0,0.0
0.0,0.0,0.0,131.0,682.0,818.0,91.0,1.18,0.92,0.69,2.18,108.03,956.0,0.0,0.0,0.0,0.0,0.0
1.0,0.0,0.0,501.0,2570.0,5.0,55.0,0.0,0.03,0.11,6.54,5.6,4265.0,0.0,0.0,0.0,0.0,0.0
1.0,0.0,0.0,21259.0,2484.0,1445.0,244.0,1.21,1.09,1.23,1.55,113.17,3993.0,0.0,0.0,0.0,0.0,0.0
0.0,0.0,0.0,141.0,3141570.0,204.0,2657.0,3.82,0.93,0.31,3076.95,529.54,2052.0,1.0,0.0,0.0,0.0,0.0
0.0,0.0,0.0,68.0,84567.0,7094.0,3268.0,0.51,0.89,0.78,16.32,34.62,9947.0,1.0,0.0,0.0,0.0,0.0
0.0,0.0,0.0,71.0,8181391.0,365.0,2746.0,0.22,0.23,1.24,193.84,1318.12,24683.0,1.0,0.0,0.0,0.0,0.0
0.0,0.0,0.0,9161.0,703.0,438.0,2.0,0.06,0.07,0.45,0.47,35.04,7710.0,0.0,0.0,0.0,0.0,0.0
0.0,0.0,0.0,9769.0,427.0,824.0,1.0,0.0,0.28,0.7,0.52,640.45,34558.0,0.0,0.0,0.0,1.0,0.0
1.0,1.0,0.0,0.0,69.0,1.0,14.0,0.0,1.0,0.0,0.15,0.02,2437.0,0.0,1.0,1.0,0.0,0.0
1.0,1.0,0.0,0.0,67997.0,33.0,762.0,0.0,0.0,0.0,113.42,126.15,109160.0,0.0,1.0,1.0,1.0,0.0
1.0,1.0,0.0,1.0,150.0,0.0,22.0,0.0,1.0,0.0,0.03,0.01,32287.0,0.0,0.0,0.0,1.0,0.0
0.0,0.0,0.0,42.0,108.0,124.0,3.0,0.0,0.18,0.25,0.03,28.62,6282.0,0.0,0.0,0.0,0.0,0.0
1.0,1.0,0.0,3.0,1657.0,4.0,103.0,0.16,0.99,0.0,0.98,0.86,16468.0,0.0,0.0,0.0,1.0,0.0
1.0,0.0,0.0,0.0,277.0,1.0,58.0,0.11,0.01,0.0,0.16,0.13,4735.0,0.0,1.0,1.0,1.0,0.0
0.0,0.0,0.0,420.0,2114.0,3739.0,4.0,0.0,1.07,0.0,0.57,0.02,1730.0,0.0,0.0,0.0,0.0,0.0
1.0,1.0,0.0,1.0,114.0,54.0,6.0,0.0,1.0,0.0,0.27,0.06,657.0,0.0,1.0,1.0,1.0,0.0
0.0,0.0,0.0,702.0,5477562.0,444.0,4350.0,0.15,0.61,0.51,9924.4,1710.06,9244.0,1.0,0.0,0.0,0.0,0.0
0.0,0.0,0.0,47.0,756.0,604.0,20.0,0.98,0.88,0.27,0.2,3390.26,5473.0,0.0,0.0,0.0,1.0,0.0
0.0,0.0,0.0,0.0,510.0,1666.0,2.0,0.0,1.0,0.0,0.03,0.0,2341.0,0.0,0.0,0.0,0.0,0.0
0.0,0.0,0.0,6.0,18.0,85.0,0.0,2.73,1.07,0.6,0.13,1.62,118.0,0.0,0.0,0.0,0.0,0.0
0.0,1.0,0.0,117.0,37.0,211.0,4.0,0.52,0.57,1.16,0.15,1374.55,226.0,0.0,0.0,0.0,0.0,0.0
0.0,0.0,0.0,681.0,1981.0,295.0,34.0,0.28,0.67,0.92,51.44,58.87,326.0,0.0,0.0,0.0,0.0,0.0
1.0,1.0,0.0,0.0,1410.0,1.0,121.0,0.0,1.0,1.15,0.09,0.01,67208.0,0.0,1.0,1.0,1.0,0.0
1.0,0.0,0.0,19.0,1874.0,3.0,40.0,0.0,2.0,0.0,0.24,0.3,13758.0,0.0,0.0,0.0,1.0,0.0
0.0,0.0,0.0,0.0,91.0,95.0,3.0,0.0,0.01,0.29,0.0,21.0,1436.0,0.0,0.0,0.0,0.0,0.0
0.0,1.0,0.0,37.0,34.0,155.0,0.0,0.03,1.06,0.25,0.01,0.09,889.0,0.0,0.0,0.0,0.0,0.0
1.0,1.0,0.0,0.0,8.0,40.0,5.0,0.0,0.0,0.0,0.01,0.0,113.0,0.0,0.0,0.0,0.0,0.0
1.0,1.0,0.0,6.0,998.0,14.0,22.0,0.0,2.0,0.0,0.0,0.0,147967.0,0.0,0.0,0.0,1.0,0.0
0.0,0.0,0.0,0.0,2243538.0,2163.0,14298.0,1.05,0.74,0.41,496.35,416.84,10683.0,1.0,0.0,0.0,1.0,0.0
0.0,0.0,0.0,371.0,1154667.0,100.0,4132.0,0.98,0.97,1.64,118.22,61.73,2587.0,1.0,0.0,0.0,0.0,0.0
1.0,0.0,0.0,0.0,3818.0,4266.0,19.0,0.0,0.0,0.74,5.84,1.38,27327.0,0.0,0.0,1.0,1.0,0.0
1.0,1.0,0.0,13.0,332.0,4.0,40.0,0.05,1.65,1.0,0.02,3.67,6466.0,0.0,1.0,1.0,1.0,0.0
0.0,0.0,0.0,916.0,39306.0,631.0,3932.0,0.4,0.77,0.93,4.38,1144.67,15943.0,1.0,0.0,0.0,0.0,0.0
0.0,0.0,0.0,124.0,5061109.0,926197.0,33998.0,0.55,0.42,1.15,1657.14,531.89,11607.0,1.0,0.0,0.0,0.0,0.0
0.0,0.0,0.0,2168.0,825016.0,36545.0,2932.0,1.17,0.92,1.21,161.07,19.14,11890.0,1.0,0.0,0.0,1.0,0.0
0.0,0.0,0.0,3821.0,700855.0,356.0,571.0,0.4,0.81,1.29,27.22,29.42,18124.0,1.0,0.0,0.0,0.0,0.0
1.0,0.0,0.0,1.0,769.0,1.0,48.0,0.0,2.0,0.0,0.82,0.24,2596.0,0.0,1.0,1.0,1.0,0.0
0.0,0.0,0.0,3296.0,68371.0,42.0,715.0,0.08,1.12,0.47,70.45,12.59,4743.0,1.0,0.0,0.0,1.0,0.0
0.0,0.0,0.0,460.0,580502.0,447.0,4241.0,0.51,0.99,1.35,266.45,259.98,3713.0,1.0,1.0,1.0,0.0,0.0
1.0,1.0,0.0,1407.0,235989.0,203276.0,3164.0,0.85,1.18,1.05,59.49,42.4,3270.0,1.0,0.0,0.0,0.0,0.0
1.0,1.0,0.0,0.0,109.0,0.0,36.0,0.0,0.0,0.0,0.05,0.03,8422.0,0.0,1.0,1.0,1.0,0.0
0.0,0.0,0.0,1487.0,1142.0,368.0,25.0,0.33,0.76,0.99,3.73,919.56,2971.0,0.0,0.0,0.0,0.0,0.0
1.0,0.0,0.0,156.0,25612.0,21.0,838.0,0.0,0.07,0.07,9.94,4.53,3982.0,0.0,1.0,1.0,1.0,0.0
0.0,0.0,0.0,1316.0,2367199.0,434.0,6156.0,0.02,0.49,0.49,7557.22,816.57,5047.0,1.0,0.0,0.0,0.0,0.0
1.0,0.0,0.0,0.0,510.0,14.0,42.0,0.0,0.0,0.0,0.04,0.01,68339.0,0.0,0.0,0.0,1.0,0.0
0.0,0.0,0.0,2428.0,57.0,736.0,1.0,0.07,0.3,1.59,1.65,2852.45,1048.0,0.0,0.0,0.0,0.0,0.0
1.0,1.0,0.0,54.0,239.0,221.0,46.0,0.02,0.0,0.07,0.0,0.0,92481.0,0.0,0.0,0.0,0.0,0.0
0.0,0.0,0.0,160.0,255.0,3148.0,24.0,0.29,1.0,0.92,0.06,72.13,1389.0,0.0,0.0,0.0,0.0,0.0
0.0,0.0,0.0,63.0,2294921.0,358.0,8896.0,0.07,0.95,0.95,486.8,101.5,3569.0,1.0,0.0,0.0,0.0,0.0
1.0,1.0,0.0,0.0,2104.0,0.0,33.0,0.35,1.0,0.0,1.15,0.86,1657.0,0.0,1.0,1.0,0.0,0.0
0.0,0.0,0.0,17241.0,1430232.0,534.0,13446.0,0.09,0.47,0.9,635.96,1883.53,17888.0,1.0,0.0,0.0,0.0,0.0
1.0,0.0,0.0,0.0,366.0,0.0,42.0,0.0,0.0,0.0,1.75,1.53,3033.0,0.0,1.0,1.0,0.0,0.0
0.0,0.0,0.0,9373.0,1985394.0,1899.0,28393.0,0.14,0.44,1.08,8.34,1862.31,44798.0,1.0,0.0,0.0,0.0,0.0
0.0,0.0,0.0,8085.0,14698476.0,276.0,5239.0,0.68,0.73,1.16,20004.44,1585.02,2858.0,1.0,0.0,0.0,0.0,0.0
1.0,1.0,0.0,0.0,49.0,1.0,11.0,0.0,0.0,1.0,0.0,0.0,2659572.0,0.0,0.0,1.0,0.0,0.0
1.0,1.0,0.0,0.0,44.0,1.0,10.0,0.0,1.0,0.0,0.01,0.06,2610.0,0.0,1.0,1.0,1.0,0.0
1.0,1.0,0.0,5.0,823.0,3.0,45.0,0.0,1.0,0.0,0.35,0.14,9713.0,0.0,0.0,0.0,1.0,0.0
0.0,0.0,0.0,1846.0,3400823.0,3845.0,14000.0,0.25,0.7,0.28,48.34,268.76,44217.0,1.0,0.0,0.0,0.0,0.0
1.0,1.0,0.0,7090.0,2630.0,3695.0,16.0,0.32,1.01,1.14,0.42,1.01,8148.0,0.0,0.0,0.0,0.0,0.0
1.0,1.0,0.0,243.0,53.0,317.0,0.0,0.07,2.46,0.03,0.0,18.78,669.0,0.0,0.0,0.0,0.0,0.0
0.0,0.0,0.0,1.0,756630.0,2.0,7342.0,0.0,0.06,0.5,39.1,32.55,2170.0,1.0,0.0,0.0,0.0,0.0
0.0,0.0,0.0,306.0,139.0,124.0,2.0,0.09,0.2,0.55,1.01,1579.34,6550.0,0.0,0.0,0.0,0.0,0.0
0.0,0.0,0.0,4273.0,2789.0,4965.0,24.0,0.25,0.67,1.18,0.26,0.42,1808.0,0.0,0.0,0.0,0.0,0.0
0.0,0.0,0.0,333.0,116566.0,368.0,1956.0,0.28,0.73,0.81,66.4,36.66,1000.0,1.0,0.0,0.0,0.0,0.0
0.0,0.0,0.0,2370.0,4269664.0,191.0,10023.0,0.08,0.83,1.01,4686.53,1723.89,435.0,1.0,0.0,0.0,0.0,0.0
1.0,1.0,0.0,22.0,1103.0,19.0,54.0,0.0,1.01,0.0,2.07,1.3,1145.0,0.0,0.0,0.0,0.0,0.0
0.0,0.0,0.0,23642.0,4110.0,1472.0,94.0,0.04,0.66,0.89,4.88,2397.28,12200.0,1.0,0.0,0.0,0.0,0.0
1.0,1.0,0.0,0.0,133.0,2.0,30.0,0.0,0.0,0.0,0.05,0.01,5875.0,0.0,1.0,1.0,0.0,0.0
1.0,1.0,0.0,0.0,1722.0,1.0,53.0,0.0,1.0,0.0,1.01,0.45,1599.0,0.0,1.0,1.0,1.0,0.0
0.0,0.0,0.0,2611.0,846839.0,269.0,13153.0,0.04,0.17,0.09,437.28,135.78,17364.0,1.0,0.0,0.0,0.0,0.0
0.0,0.0,0.0,4882.0,4683.0,962.0,117.0,0.33,0.63,1.63,4.65,848.82,3566.0,1.0,0.0,0.0,0.0,0.0
0.0,0.0,0.0,963.0,34595.0,547.0,1587.0,0.43,0.66,0.89,27.58,809.07,3928.0,1.0,0.0,0.0,1.0,0.0
0.0,0.0,0.0,7.0,398424.0,23524.0,7183.0,0.19,1.11,0.87,432.27,316.21,219.0,1.0,0.0,0.0,0.0,0.0
0.0,0.0,0.0,956.0,157.0,37.0,0.0,0.29,0.16,1.29,0.57,30.76,863.0,0.0,0.0,0.0,1.0,0.0
0.0,0.0,0.0,1.0,3290362.0,33.0,39586.0,0.18,0.98,0.46,1781.44,666.39,2433.0,1.0,0.0,0.0,0.0,0.0
0.0,0.0,0.0,15.0,3359.0,26.0,3.0,0.51,1.32,0.36,0.23,56.81,168.0,0.0,0.0,0.0,0.0,0.0
0.0,1.0,0.0,2752.0,11469.0,31.0,614.0,1.54,0.91,0.5,8.62,8.41,2618.0,0.0,0.0,0.0,0.0,0.0
0.0,0.0,0.0,58960.0,3006770.0,620.0,31739.0,0.04,0.29,1.13,761.91,4470.46,32715.0,1.0,0.0,0.0,0.0,0.0
1.0,1.0,0.0,0.0,29.0,3.0,4.0,0.0,1.34,0.0,0.11,0.02,127.0,0.0,1.0,0.0,1.0,0.0
1.0,1.0,0.0,2.0,13281.0,14.0,451.0,1.0,1.0,0.0,1.59,2.15,5105.0,0.0,0.0,1.0,0.0,0.0
0.0,0.0,0.0,101.0,7600289.0,727.0,34965.0,0.17,0.93,0.37,6465.53,915.98,9720.0,1.0,0.0,0.0,0.0,0.0
0.0,1.0,0.0,107.0,42.0,678.0,0.0,0.01,0.34,0.97,0.22,0.17,101.0,0.0,0.0,0.0,1.0,0.0
0.0,0.0,0.0,92.0,152.0,235.0,0.0,0.2,0.43,0.75,0.07,56.32,746.0,0.0,0.0,0.0,0.0,0.0
1.0,1.0,0.0,334.0,46.0,186.0,0.0,0.46,0.88,1.06,0.28,45.02,239.0,0.0,0.0,0.0,0.0,0.0
0.0,0.0,0.0,204.0,246181.0,355.0,1373.0,0.13,0.45,0.79,427.93,198.07,2250.0,1.0,0.0,0.0,0.0,0.0
1.0,0.0,0.0,0.0,20.0,0.0,3.0,0.0,0.0,0.0,0.0,0.0,12772.0,0.0,0.0,0.0,1.0,0.0
0.0,0.0,0.0,604.0,2018020.0,646.0,8722.0,0.69,0.82,1.24,861.85,71.73,45033.0,1.0,0.0,0.0,0.0,0.0
1.0,0.0,0.0,0.0,42.0,1.0,16.0,0.0,0.0,0.0,0.06,0.04,4028.0,0.0,1.0,0.0,1.0,0.0
0.0,1.0,0.0,13905.0,51108.0,9112.0,1382.0,0.23,1.0,0.01,107.86,45.15,29967.0,0.0,0.0,0.0,0.0,0.0
1.0,1.0,0.0,101.0,0.0,24.0,0.0,3.83,0.7,1.46,0.0,5411.28,169.0,0.0,0.0,0.0,0.0,0.0
0.0,0.0,0.0,1792.0,5804.0,347.0,147.0,0.19,0.55,1.18,5.05,86.64,2200.0,0.0,0.0,0.0,0.0,0.0
0.0,0.0,0.0,22716.0,280.0,81.0,11.0,0.02,0.49,0.22,1.02,2.03,18588.0,0.0,0.0,0.0,0.0,0.0
0.0,0.0,0.0,3005.0,10314865.0,1029.0,110846.0,0.02,1.39,0.48,38.84,19.75,181374.0,1.0,0.0,0.0,0.0,0.0
0.0,0.0,0.0,151.0,82.0,143.0,3.0,0.27,0.77,1.07,0.04,5910.06,147.0,0.0,0.0,0.0,0.0,0.0
0.0,0.0,0.0,717.0,3713026.0,9548.0,20193.0,0.07,0.68,1.12,237.23,3283.05,64615.0,1.0,0.0,0.0,0.0,0.0
0.0,0.0,0.0,222.0,119538.0,5695.0,906.0,0.31,1.0,0.44,5.42,3.65,24792.0,1.0,0.0,0.0,0.0,0.0
0.0,0.0,0.0,312.0,7297071.0,2836.0,47530.0,0.07,0.64,0.58,1508.72,1224.96,40682.0,1.0,0.0,0.0,0.0,0.0
0.0,1.0,0.0,818.0,33.0,161.0,1.0,0.27,0.95,0.52,0.59,991.35,203.0,0.0,0.0,0.0,0.0,0.0
1.0,0.0,0.0,28.0,542.0,16.0,10.0,0.0,0.0,0.08,0.01,0.01,70381.0,0.0,1.0,0.0,0.0,0.0
0.0,0.0,0.0,155.0,90347.0,378.0,1540.0,0.27,0.6,1.69,28.11,72.65,8544.0,1.0,0.0,0.0,0.0,0.0
1.0,0.0,0.0,0.0,622.0,1.0,55.0,0.0,2.0,0.0,0.41,0.23,5437.0,0.0,1.0,1.0,1.0,0.0
1.0,1.0,0.0,2.0,229.0,0.0,7.0,0.11,1.0,0.0,0.33,0.22,1658.0,0.0,1.0,0.0,1.0,0.0
0.0,0.0,0.0,14.0,1456261.0,30.0,7097.0,0.06,0.66,0.57,117.04,57.04,8608.0,1.0,0.0,0.0,0.0,0.0
1.0,0.0,0.0,291.0,28.0,2422.0,1.0,1.21,0.44,1.74,0.0,8594.76,417.0,0.0,0.0,0.0,0.0,0.0
0.0,0.0,0.0,1.0,361.0,264.0,22.0,0.0,0.04,0.75,0.05,22.45,6888.0,0.0,0.0,0.0,0.0,0.0
1.0,1.0,0.0,98.0,6327.0,7.0,282.0,0.0,0.0,0.0,7.86,2.11,5545.0,0.0,1.0,1.0,0.0,0.0
0.0,1.0,0.0,365.0,1004.0,1636.0,27.0,0.24,0.53,1.21,0.55,4944.22,1572.0,0.0,0.0,0.0,0.0,0.0
0.0,0.0,0.0,19.0,38.0,51.0,0.0,0.18,0.03,0.93,0.02,25.41,914.0,0.0,0.0,0.0,0.0,0.0
1.0,1.0,0.0,71.0,0.0,29.0,0.0,2.99,0.63,1.41,0.0,4845.73,125.0,0.0,0.0,0.0,0.0,0.0
0.0,1.0,0.0,5137.0,232.0,2243.0,1.0,0.26,0.48,1.27,2.87,17008.25,831.0,0.0,0.0,0.0,0.0,0.0
1.0,0.0,0.0,0.0,124.0,2.0,15.0,0.0,0.0,0.0,0.04,0.01,5684.0,0.0,0.0,0.0,0.0,0.0
0.0,1.0,0.0,3116.0,778545.0,157.0,8903.0,0.0,0.78,2.28,217.34,50.83,6760.0,1.0,0.0,0.0,0.0,0.0
1.0,1.0,0.0,150.0,6.0,617.0,0.0,1.15,0.62,1.67,0.0,8844.18,236.0,0.0,0.0,0.0,0.0,0.0
1.0,1.0,0.0,15.0,3118.0,2.0,241.0,0.0,1.0,1.0,0.21,0.14,121200.0,0.0,1.0,1.0,0.0,0.0
1.0,1.0,0.0,0.0,765.0,2.0,64.0,0.0,0.0,0.0,0.01,0.01,62595.0,0.0,0.0,0.0,1.0,0.0
1.0,1.0,1.0,24.0,27.0,1037.0,1.0,0.51,0.92,1.13,0.0,13095.5,116.0,0.0,0.0,0.0,0.0,0.0
0.0,0.0,0.0,146.0,5322.0,39.0,146.0,0.23,0.13,0.87,4.76,72.16,2222.0,1.0,0.0,0.0,0.0,0.0
0.0,0.0,0.0,3625.0,2931.0,1365.0,79.0,0.07,0.53,0.7,3.99,1760.5,3628.0,0.0,0.0,0.0,0.0,0.0
1.0,0.0,0.0,3.0,374.0,4.0,12.0,0.0,0.0,0.0,0.33,0.02,10310.0,0.0,1.0,1.0,1.0,0.0
0.0,1.0,0.0,3.0,354268.0,109.0,4689.0,0.01,0.65,0.55,481.32,212.22,366.0,1.0,0.0,0.0,0.0,0.0
1.0,0.0,0.0,0.0,11.0,2.0,8.0,0.0,0.0,0.0,0.0,0.0,5464.0,0.0,1.0,1.0,1.0,0.0
1.0,0.0,0.0,2.0,102.0,1.0,15.0,0.0,0.0,0.01,0.12,0.08,6511.0,0.0,0.0,0.0,1.0,0.0
1.0,0.0,0.0,0.0,896.0,0.0,40.0,0.0,0.0,0.02,3.66,1.94,12674.0,0.0,0.0,0.0,0.0,0.0
0.0,0.0,0.0,133.0,192.0,675.0,1.0,0.32,0.72,1.14,0.64,1.85,870.0,0.0,0.0,0.0,0.0,0.0
0.0,0.0,0.0,137.0,292328.0,514.0,10441.0,0.44,0.84,0.93,666.54,944.54,916.0,1.0,0.0,0.0,0.0,0.0
1.0,1.0,0.0,0.0,378.0,0.0,9.0,0.65,1.0,0.0,0.74,0.65,872.0,0.0,1.0,1.0,0.0,0.0
1.0,1.0,0.0,0.0,33.0,22.0,10.0,0.0,0.0,0.43,0.02,0.01,19078.0,0.0,0.0,0.0,0.0,0.0
1.0,0.0,0.0,68.0,226.0,1.0,40.0,0.06,0.14,1.06,0.0,2.26,15746.0,0.0,0.0,0.0,1.0,0.0
0.0,0.0,0.0,1195.0,132.0,352.0,1.0,0.48,0.49,1.19,4.04,47.47,570.0,0.0,0.0,0.0,0.0,0.0
1.0,1.0,0.0,19.0,147.0,329.0,23.0,0.04,0.05,0.0,0.02,0.0,10678.0,0.0,1.0,1.0,0.0,0.0
0.0,0.0,0.0,6482.0,2972.0,1311.0,106.0,0.05,0.27,1.01,1.27,579.12,17313.0,1.0,0.0,0.0,0.0,0.0
0.0,0.0,0.0,149.0,51213276.0,8116.0,67965.0,0.8,0.76,1.06,3528.03,492.78,10879.0,1.0,0.0,0.0,0.0,0.0
1.0,0.0,0.0,257.0,9043.0,994.0,1031.0,0.05,0.97,0.8,0.12,11.85,110328.0,0.0,1.0,1.0,1.0,0.0
0.0,0.0,0.0,1331.0,14063.0,1807.0,860.0,0.43,0.63,1.24,0.93,976.48,10515.0,0.0,0.0,0.0,0.0,0.0
0.0,0.0,0.0,33242.0,57557464.0,64362.0,57797.0,0.02,0.32,1.74,41974.61,7033.24,40975.0,1.0,0.0,0.0,0.0,0.0
0.0,0.0,0.0,48.0,10289068.0,2.0,34133.0,0.05,0.86,0.2,6290.1,2026.16,13651.0,1.0,0.0,0.0,0.0,0.0
0.0,0.0,0.0,2824.0,281397.0,212.0,2087.0,0.49,0.71,1.11,163.46,72.46,796.0,0.0,0.0,0.0,0.0,0.0
0.0,0.0,0.0,2694.0,5548.0,1583.0,410.0,0.22,0.84,0.81,1.03,5.47,8405.0,0.0,0.0,0.0,0.0,0.0
1.0,1.0,0.0,1314.0,155.0,69.0,29.0,0.0,0.0,0.66,0.08,0.28,11721.0,0.0,1.0,1.0,0.0,0.0
1.0,1.0,0.0,0.0,338.0,0.0,11.0,0.0,1.0,0.0,0.3,0.31,2214.0,0.0,1.0,1.0,1.0,0.0
1.0,1.0,0.0,0.0,9.0,0.0,5.0,0.0,0.0,0.0,0.0,0.0,2347.0,0.0,0.0,0.0,1.0,0.0
1.0,1.0,0.0,0.0,101.0,1.0,14.0,0.0,1.0,0.0,0.18,0.13,2459.0,0.0,0.0,0.0,1.0,0.0
0.0,0.0,0.0,879.0,223.0,721.0,1.0,0.13,0.57,1.12,1.09,583.05,291.0,0.0,0.0,0.0,0.0,0.0
1.0,0.0,0.0,0.0,390366.0,5.0,2365.0,0.0,2.0,0.0,3757.0,702.86,28920.0,0.0,0.0,0.0,1.0,0.0
1.0,0.0,0.0,25.0,503.0,0.0,22.0,0.0,1.39,0.0,0.27,0.31,13975.0,0.0,1.0,1.0,1.0,0.0
0.0,0.0,0.0,4576.0,709.0,5000.0,10.0,0.28,0.44,1.44,2.12,0.15,5410.0,0.0,0.0,0.0,0.0,0.0
0.0,1.0,0.0,4201.0,9228.0,706.0,87.0,0.24,0.33,1.71,3.49,12.76,8052.0,0.0,0.0,0.0,0.0,0.0
0.0,0.0,0.0,19619.0,2955.0,2231.0,164.0,0.17,0.44,1.05,4.74,1668.07,14624.0,0.0,0.0,0.0,0.0,0.0
0.0,1.0,0.0,1919.0,351.0,168.0,8.0,0.38,0.43,0.96,0.15,822.27,3196.0,0.0,0.0,0.0,0.0,0.0
1.0,0.0,0.0,174.0,43588.0,4688.0,78.0,0.06,1.76,0.01,0.02,0.08,154195.0,0.0,0.0,0.0,0.0,0.0
0.0,0.0,0.0,6213.0,5927468.0,2360.0,25774.0,0.08,0.64,1.09,268.61,73.92,31363.0,1.0,0.0,0.0,0.0,0.0
0.0,0.0,0.0,34.0,6571.0,59.0,3.0,0.42,0.62,0.54,0.66,279.14,209.0,0.0,0.0,0.0,0.0,0.0
0.0,0.0,0.0,1005.0,8382.0,187.0,318.0,1.12,0.87,0.79,3.24,2499.0,22057.0,1.0,0.0,0.0,1.0,0.0
1.0,0.0,0.0,0.0,209.0,0.0,9.0,0.0,1.0,0.0,0.43,0.34,1361.0,0.0,1.0,1.0,1.0,0.0
1.0,1.0,0.0,521.0,221.0,371.0,11.0,0.38,0.64,1.13,0.11,1037.43,684.0,0.0,0.0,0.0,1.0,0.0
0.0,1.0,0.0,9.0,68.0,4.0,2.0,1.1,0.19,1.0,0.19,0.13,107.0,0.0,0.0,0.0,0.0,0.0
0.0,0.0,0.0,74.0,62397.0,0.0,1304.0,0.16,1.06,0.31,3104.04,1585.3,421.0,0.0,0.0,0.0,0.0,0.0
0.0,0.0,0.0,12157.0,1780208.0,916.0,3449.0,0.17,0.59,1.19,1098.45,2720.64,9693.0,1.0,0.0,0.0,0.0,0.0
0.0,0.0,0.0,1744.0,74.0,678.0,0.0,0.1,0.23,1.25,0.8,11130.46,633.0,0.0,0.0,0.0,0.0,0.0
0.0,0.0,0.0,1959.0,5993097.0,1677.0,22845.0,0.16,0.82,0.9,521.89,234.66,28826.0,1.0,0.0,0.0,0.0,0.0
0.0,0.0,0.0,203.0,1251.0,2870.0,170.0,0.01,0.98,0.06,0.3,0.59,6583.0,0.0,0.0,0.0,0.0,0.0
0.0,0.0,0.0,824.0,1302709.0,513.0,2983.0,1.02,0.77,0.95,6691.99,980.55,1194.0,1.0,0.0,0.0,0.0,0.0
0.0,0.0,0.0,9158.0,12451618.0,873.0,23180.0,0.11,0.56,0.78,5812.49,6515.45,12174.0,1.0,0.0,0.0,0.0,0.0
0.0,1.0,0.0,0.0,35.0,62.0,1.0,0.0,0.98,0.98,0.01,0.0,1043.0,0.0,0.0,0.0,0.0,0.0
1.0,1.0,0.0,191.0,292.0,8.0,29.0,0.0,0.0,0.0,1.0,0.26,1635.0,0.0,1.0,1.0,1.0,0.0
1.0,1.0,0.0,7.0,855.0,121.0,59.0,0.0,1.15,0.0,0.11,0.03,40274.0,0.0,1.0,1.0,0.0,0.0
1.0,1.0,1.0,0.0,88.0,0.0,8.0,0.0,1.5,0.0,0.07,0.12,1468.0,0.0,1.0,1.0,0.0,0.0
0.0,1.0,0.0,7669.0,1513.0,641.0,3.0,0.08,0.45,0.96,5.01,12963.97,18783.0,0.0,0.0,0.0,0.0,0.0
1.0,0.0,0.0,2.0,5732.0,0.0,35.0,0.0,0.0,0.51,4.51,2.38,125489.0,0.0,1.0,0.0,1.0,0.0
1.0,0.0,0.0,0.0,3613.0,0.0,48.0,0.0,0.0,0.0,4.71,2.16,5992.0,0.0,1.0,1.0,0.0,0.0
1.0,0.0,0.0,0.0,16.0,0.0,13.0,0.0,1.0,0.0,0.0,0.0,6996.0,0.0,1.0,1.0,1.0,0.0
1.0,0.0,0.0,1278.0,7472.0,29.0,166.0,0.0,0.96,0.17,18.17,8.09,5729.0,0.0,0.0,0.0,0.0,0.0
1.0,1.0,0.0,1.0,111.0,1.0,13.0,0.0,1.0,0.0,0.36,0.22,3427.0,0.0,0.0,0.0,1.0,0.0
1.0,1.0,0.0,0.0,305.0,0.0,43.0,0.0,0.0,0.0,0.33,0.06,22070.0,0.0,1.0,1.0,1.0,0.0
0.0,0.0,0.0,25681.0,67631.0,395.0,1285.0,0.1,0.34,0.94,2.23,1156.0,48689.0,1.0,0.0,0.0,0.0,0.0
1.0,1.0,0.0,0.0,390.0,0.0,19.0,0.0,1.0,0.0,0.76,0.07,10649.0,0.0,1.0,1.0,1.0,0.0
1.0,1.0,0.0,11.0,227.0,6.0,19.0,0.0,1.0,0.0,1.01,0.17,236.0,0.0,1.0,0.0,1.0,0.0
0.0,0.0,0.0,136.0,146.0,236.0,2.0,0.01,0.06,0.5,0.03,33686.89,9778.0,0.0,0.0,0.0,0.0,0.0
0.0,1.0,0.0,1681.0,1763.0,4551.0,832.0,1.31,0.58,1.12,0.53,887.03,10468.0,0.0,0.0,0.0,0.0,0.0
0.0,0.0,0.0,1596.0,326.0,348.0,6.0,0.15,0.34,0.48,1.71,222.49,3695.0,0.0,0.0,0.0,0.0,0.0
0.0,0.0,0.0,25.0,2370476.0,78.0,7649.0,0.04,0.58,0.93,276.59,433.36,15424.0,1.0,0.0,0.0,0.0,0.0
0.0,0.0,0.0,10267.0,136131.0,1339.0,690.0,0.3,0.86,1.25,241.26,55.96,9938.0,1.0,0.0,0.0,0.0,0.0
1.0,1.0,0.0,0.0,111.0,0.0,24.0,0.0,0.0,0.0,0.44,0.2,5614.0,0.0,1.0,0.0,0.0,0.0
1.0,1.0,0.0,30.0,133.0,24.0,13.0,1.28,0.0,0.04,0.8,0.28,723.0,0.0,1.0,0.0,1.0,0.0
1.0,0.0,0.0,575.0,4086.0,2.0,74.0,0.0,0.0,0.02,6.02,58.54,111366.0,0.0,1.0,1.0,1.0,0.0
0.0,0.0,0.0,3987.0,1624.0,740.0,25.0,0.19,0.4,0.47,1.3,2884.78,15363.0,0.0,0.0,0.0,0.0,0.0
0.0,0.0,0.0,1409.0,159541.0,1279.0,1727.0,0.26,0.49,1.32,14.84,6.41,63181.0,1.0,0.0,0.0,0.0,0.0
0.0,0.0,0.0,45890.0,72058.0,472.0,290.0,0.01,0.26,1.38,733.21,1026.93,5743.0,1.0,0.0,0.0,0.0,0.0
1.0,1.0,0.0,0.0,88.0,1.0,13.0,0.0,0.03,1.5,1.4,0.27,187.0,0.0,1.0,0.0,0.0,0.0
1.0,1.0,0.0,0.0,113.0,1.0,26.0,0.0,1.0,0.0,0.2,0.14,2341.0,0.0,1.0,1.0,1.0,0.0
0.0,0.0,0.0,28.0,5730941.0,711.0,9418.0,0.8,0.96,0.49,6896.76,1634.13,5681.0,1.0,0.0,0.0,0.0,0.0
0.0,1.0,0.0,0.0,2434525.0,293.0,20613.0,0.03,0.94,0.15,219.44,99.46,703.0,1.0,0.0,0.0,0.0,0.0
1.0,0.0,0.0,1.0,71.0,1.0,19.0,0.0,1.0,0.0,0.0,0.0,16309.0,0.0,0.0,0.0,1.0,0.0
1.0,0.0,0.0,0.0,983.0,0.0,30.0,0.0,0.0,0.0,0.54,0.21,39766.0,0.0,0.0,1.0,1.0,0.0
1.0,1.0,1.0,0.0,311.0,4.0,13.0,0.0,0.97,0.0,0.04,0.0,112529.0,0.0,1.0,1.0,0.0,0.0
0.0,1.0,0.0,1020.0,2177326.0,435.0,4723.0,0.41,0.62,0.83,2933.17,564.6,1457.0,1.0,0.0,0.0,0.0,0.0
0.0,1.0,0.0,686.0,315.0,3843.0,0.0,0.0,0.29,1.16,0.49,69.08,113.0,0.0,0.0,0.0,0.0,0.0
1.0,0.0,0.0,4166.0,4285.0,3096.0,24.0,0.0,0.48,0.65,0.08,3488.43,69406.0,0.0,0.0,0.0,0.0,0.0
0.0,0.0,0.0,5753.0,3271525.0,10115.0,11124.0,0.31,0.71,1.05,659.15,169.76,12943.0,1.0,0.0,0.0,0.0,0.0
0.0,1.0,0.0,145.0,93.0,880.0,2.0,0.4,0.55,1.08,0.34,12112.98,109.0,0.0,0.0,0.0,0.0,0.0
0.0,0.0,0.0,1181.0,1643935.0,220.0,8175.0,0.09,0.37,1.39,6.12,64.88,18637.0,1.0,0.0,0.0,0.0,0.0
0.0,0.0,0.0,73.0,4565782.0,12692.0,6438.0,0.14,0.34,1.02,382.74,24.19,33921.0,1.0,0.0,0.0,0.0,0.0
0.0,1.0,0.0,9506.0,665.0,209.0,2.0,0.02,0.64,0.89,2.71,45198.99,726.0,0.0,0.0,0.0,0.0,0.0
0.0,0.0,0.0,86.0,259.0,530.0,3.0,0.1,0.95,0.56,0.23,284.93,130.0,0.0,0.0,0.0,0.0,0.0
1.0,1.0,0.0,4.0,122.0,48.0,18.0,0.0,1.0,0.0,0.03,0.03,4168.0,0.0,0.0,1.0,1.0,0.0
0.0,1.0,0.0,102.0,267.0,371.0,4.0,0.05,0.24,0.47,1.84,22.54,225.0,0.0,0.0,0.0,0.0,0.0
1.0,0.0,0.0,95.0,354.0,1302.0,0.0,10.0,1.0,0.0,0.0,0.01,674.0,0.0,0.0,0.0,0.0,0.0
1.0,0.0,0.0,0.0,6270.0,5774.0,134.0,0.0,1.0,0.0,0.08,0.1,21395.0,0.0,0.0,0.0,0.0,0.0
1.0,1.0,0.0,5.0,41.0,1.0,14.0,0.0,0.0,0.0,0.0,0.0,27389.0,0.0,0.0,0.0,0.0,0.0
0.0,0.0,0.0,214.0,116.0,138.0,2.0,0.26,0.65,0.92,0.04,2536.29,3337.0,0.0,0.0,0.0,0.0,0.0
1.0,0.0,0.0,0.0,485191.0,0.0,4606.0,0.0,0.0,0.0,89.47,31.82,73233.0,0.0,0.0,0.0,1.0,0.0
0.0,0.0,0.0,414.0,293269.0,103.0,804.0,0.11,1.0,0.43,687.06,100.79,3477.0,1.0,0.0,0.0,0.0,0.0
0.0,1.0,0.0,1632.0,1765.0,1829.0,1.0,0.14,0.33,1.05,0.0,2980.29,2397.0,0.0,0.0,0.0,0.0,0.0
0.0,0.0,0.0,11.0,63.0,106.0,1.0,0.02,0.06,0.37,0.24,589.04,1058.0,0.0,0.0,0.0,0.0,0.0
1.0,1.0,0.0,0.0,68.0,0.0,17.0,0.0,0.0,0.0,0.0,0.0,136643.0,0.0,0.0,1.0,1.0,0.0
1.0,0.0,0.0,0.0,18.0,3.0,5.0,0.0,0.0,0.0,0.07,0.01,2219.0,0.0,1.0,1.0,1.0,0.0
0.0,0.0,0.0,3992.0,890.0,1213.0,52.0,0.0,0.0,0.14,0.22,0.11,25338.0,0.0,0.0,0.0,1.0,0.0
1.0,0.0,0.0,96.0,642.0,4.0,46.0,0.0,1.0,0.01,0.04,0.09,15036.0,0.0,0.0,1.0,1.0,0.0
0.0,1.0,0.0,316.0,32.0,96.0,1.0,0.29,0.37,1.4,0.34,1801.96,226.0,0.0,0.0,0.0,0.0,0.0
1.0,1.0,0.0,2.0,13.0,0.0,7.0,0.0,0.0,0.0,0.01,0.0,8637.0,0.0,0.0,0.0,1.0,0.0
0.0,0.0,0.0,155.0,185.0,626.0,2.0,0.36,0.55,1.57,0.51,1428.03,588.0,0.0,1.0,1.0,0.0,0.0
1.0,0.0,0.0,69.0,10017.0,6.0,317.0,0.0,0.01,0.0,25.57,9.12,9944.0,0.0,1.0,1.0,1.0,0.0
0.0,0.0,0.0,992.0,87097.0,837.0,1881.0,0.05,0.69,0.89,1022.71,977.1,6800.0,1.0,0.0,0.0,0.0,0.0
1.0,1.0,0.0,27390.0,264.0,533.0,5.0,0.29,0.84,1.24,0.0,907.54,4778.0,0.0,0.0,0.0,0.0,0.0
1.0,0.0,0.0,2035.0,774.0,694.0,38.0,0.03,0.57,1.19,0.86,0.26,44595.0,0.0,0.0,0.0,0.0,0.0
0.0,0.0,0.0,14.0,10165058.0,264.0,54438.0,0.38,0.6,1.26,2577.1,2272.69,18261.0,1.0,0.0,0.0,0.0,0.0
0.0,0.0,0.0,2118.0,1192.0,2385.0,48.0,0.16,0.6,0.62,0.78,2927.27,3441.0,0.0,0.0,0.0,0.0,0.0
0.0,1.0,0.0,2344.0,259.0,883.0,24.0,0.25,0.48,1.54,0.37,1505.62,2738.0,0.0,0.0,0.0,0.0,0.0
0.0,0.0,0.0,322.0,378245.0,14350.0,4269.0,0.39,0.94,0.3,622.83,153.23,3505.0,1.0,0.0,0.0,0.0,0.0
0.0,1.0,0.0,2121.0,108715.0,714.0,316.0,0.2,0.45,1.82,12.29,2239.15,4044.0,1.0,0.0,0.0,0.0,0.0
0.0,0.0,0.0,4072.0,289.0,973.0,16.0,0.39,0.47,1.27,0.59,3784.83,6194.0,0.0,0.0,0.0,0.0,0.0
1.0,1.0,0.0,13.0,2179.0,0.0,28.0,0.0,1.99,0.0,0.05,0.0,545168.0,0.0,0.0,0.0,0.0,0.0
1.0,1.0,0.0,119.0,10.0,1044.0,0.0,1.16,0.55,1.61,0.0,8456.52,148.0,0.0,0.0,0.0,0.0,0.0
0.0,1.0,0.0,5360.0,51102.0,315.0,253.0,0.16,0.35,1.32,4.02,1119.61,14655.0,0.0,0.0,0.0,1.0,0.0
0.0,0.0,0.0,10.0,1101094.0,57.0,1250.0,1.11,0.74,0.21,454.94,27.72,8580.0,0.0,0.0,0.0,0.0,0.0
0.0,0.0,0.0,2142.0,1061858.0,92.0,6041.0,1.12,0.95,0.66,349.34,62.26,11323.0,1.0,0.0,0.0,1.0,0.0
1.0,1.0,0.0,0.0,546.0,0.0,87.0,0.0,0.0,0.0,0.1,0.07,8380.0,0.0,1.0,0.0,0.0,0.0
0.0,0.0,0.0,9.0,5324496.0,37.0,15630.0,0.17,1.01,0.06,4382.51,616.85,1072.0,1.0,1.0,1.0,0.0,0.0
0.0,0.0,0.0,88.0,150.0,162.0,7.0,0.64,0.86,0.65,0.7,1.5,221.0,0.0,0.0,0.0,0.0,0.0
0.0,1.0,0.0,2840.0,34516.0,716.0,730.0,0.59,0.81,0.87,57.42,2713.39,3748.0,1.0,0.0,0.0,0.0,0.0
1.0,0.0,0.0,11.0,607.0,3.0,11.0,0.0,0.28,1.02,0.09,0.01,440.0,0.0,0.0,0.0,1.0,0.0
1.0,1.0,0.0,0.0,24469.0,699.0,213.0,2.0,0.01,0.0,0.38,0.08,90919.0,0.0,0.0,1.0,1.0,0.0
1.0,0.0,0.0,2.0,39492.0,1.0,151.0,0.0,0.0,1.0,0.35,0.14,107617.0,0.0,1.0,1.0,1.0,0.0
0.0,0.0,0.0,35.0,529142.0,309.0,7143.0,0.13,0.55,1.49,18.59,38.71,5293.0,1.0,0.0,0.0,0.0,0.0
0.0,0.0,0.0,2673.0,4285.0,2401.0,281.0,0.0,0.48,1.2,0.69,7716.8,5818.0,0.0,0.0,0.0,0.0,0.0
1.0,1.0,0.0,4.0,154.0,15.0,22.0,0.0,0.0,0.0,0.12,0.14,5040.0,0.0,0.0,0.0,1.0,0.0
0.0,0.0,0.0,2584.0,1384165.0,585.0,23217.0,0.4,0.77,1.66,245.46,128.75,22391.0,1.0,0.0,0.0,0.0,0.0
1.0,0.0,0.0,0.0,95.0,2.0,5.0,0.0,1.0,0.0,0.09,0.0,1066.0,0.0,1.0,0.0,0.0,0.0
0.0,0.0,0.0,2.0,26.0,78.0,0.0,0.06,0.12,1.13,0.01,33687.21,225.0,0.0,0.0,0.0,0.0,0.0
1.0,0.0,0.0,1.0,1427.0,7.0,44.0,0.0,0.0,0.0,0.42,0.17,67558.0,0.0,0.0,0.0,0.0,0.0
0.0,0.0,0.0,9.0,18555646.0,1.0,58259.0,0.06,1.0,0.06,38677.81,8728.4,4322.0,1.0,0.0,0.0,0.0,0.0
1.0,0.0,0.0,11791.0,29448.0,22064.0,63.0,3.54,0.04,1.11,0.0,55.5,42352.0,0.0,0.0,0.0,0.0,0.0
1.0,0.0,0.0,0.0,4701.0,2127.0,79.0,0.02,1.0,0.01,0.54,0.2,1223.0,0.0,0.0,0.0,0.0,0.0
0.0,0.0,0.0,5345.0,1369521.0,593.0,7496.0,0.44,1.15,1.63,94.04,22.7,16890.0,1.0,0.0,0.0,0.0,0.0
0.0,0.0,0.0,41.0,345.0,128.0,27.0,0.41,0.52,0.95,0.14,0.95,583.0,0.0,0.0,0.0,0.0,0.0
0.0,0.0,0.0,281.0,333640.0,153.0,5540.0,0.58,1.05,1.51,144.47,104.77,1026.0,1.0,0.0,0.0,0.0,0.0
0.0,1.0,0.0,2253.0,429.0,1881.0,15.0,0.43,0.39,1.21,0.62,372.8,1693.0,0.0,0.0,0.0,0.0,0.0
0.0,0.0,0.0,556.0,6657.0,219.0,331.0,0.06,0.26,1.34,2.62,39.38,2440.0,1.0,0.0,0.0,0.0,0.0
0.0,0.0,0.0,7165.0,320848.0,844.0,4788.0,0.4,0.42,0.84,76.36,437.42,24757.0,1.0,0.0,0.0,0.0,0.0
0.0,0.0,0.0,2472.0,68.0,455.0,2.0,0.08,0.5,1.16,0.16,463.02,2607.0,0.0,0.0,0.0,0.0,0.0
1.0,1.0,0.0,5.0,563.0,31.0,58.0,0.0,0.0,0.0,0.67,1.24,2370.0,0.0,0.0,0.0,0.0,0.0
0.0,0.0,0.0,0.0,4589.0,0.0,262.0,0.0,1.0,0.0,10.36,3.3,6035.0,0.0,1.0,0.0,1.0,0.0
0.0,0.0,0.0,1329.0,847632.0,216.0,2488.0,0.5,1.05,0.59,235.38,19.44,1612.0,1.0,0.0,0.0,0.0,0.0
1.0,0.0,0.0,1.0,72.0,12.0,7.0,0.0,1.15,0.0,0.14,0.47,1335.0,0.0,1.0,1.0,1.0,0.0
0.0,1.0,0.0,6531.0,61153.0,1228.0,1152.0,0.19,0.52,1.0,25.56,140.99,17172.0,1.0,0.0,0.0,0.0,0.0
1.0,1.0,0.0,0.0,65.0,0.0,10.0,0.0,0.0,0.0,0.02,0.01,7984.0,0.0,0.0,0.0,0.0,0.0
0.0,0.0,0.0,730.0,8570646.0,731.0,16581.0,0.85,0.88,0.56,4752.64,544.66,2559.0,1.0,1.0,0.0,0.0,0.0
1.0,0.0,0.0,0.0,4936.0,0.0,182.0,0.0,0.0,0.2,6.33,3.45,31751.0,0.0,1.0,0.0,1.0,0.0
0.0,0.0,0.0,935.0,17498.0,2.0,443.0,0.92,0.69,1.36,31.13,333.39,3558.0,0.0,0.0,0.0,0.0,0.0
1.0,1.0,0.0,0.0,342.0,1.0,37.0,0.0,1.95,0.0,0.75,0.25,3534.0,0.0,0.0,1.0,1.0,0.0
0.0,0.0,0.0,2576.0,7712.0,2286.0,463.0,0.76,0.53,1.62,1.67,8.75,4517.0,0.0,0.0,0.0,0.0,0.0
0.0,0.0,0.0,2500.0,4219.0,380.0,11.0,0.39,0.35,0.73,7.64,1532.68,11512.0,0.0,0.0,0.0,0.0,0.0
1.0,1.0,0.0,0.0,1507.0,1964.0,47.0,0.55,0.01,0.0,0.02,0.0,14427.0,0.0,0.0,1.0,0.0,0.0
1.0,0.0,0.0,1.0,702.0,24.0,60.0,0.0,1.0,0.0,1.57,0.27,1933.0,0.0,0.0,0.0,1.0,0.0
0.0,0.0,0.0,12802.0,4750171.0,2021.0,12691.0,0.55,1.0,0.91,1234.01,1428.43,9433.0,1.0,0.0,0.0,0.0,0.0
0.0,0.0,0.0,553.0,1227863.0,492.0,4740.0,0.35,0.37,2.51,6.46,9.94,2063.0,1.0,0.0,0.0,0.0,0.0
1.0,1.0,0.0,0.0,1074.0,0.0,17.0,0.0,0.01,0.01,0.92,0.1,1161.0,0.0,1.0,1.0,1.0,0.0
1.0,1.0,0.0,0.0,341.0,1.0,26.0,0.0,0.0,0.0,0.43,0.23,3020.0,0.0,1.0,1.0,0.0,0.0
0.0,0.0,0.0,497.0,465.0,3054.0,46.0,0.3,0.59,1.17,0.14,1014.48,868.0,0.0,0.0,0.0,0.0,0.0
0.0,0.0,0.0,14102.0,293968.0,5019.0,3024.0,0.52,0.87,0.52,36.15,235.07,40531.0,1.0,0.0,0.0,0.0,0.0
0.0,0.0,0.0,6662.0,200832.0,561.0,2606.0,0.1,0.39,1.21,67.17,3095.41,7362.0,1.0,0.0,0.0,0.0,0.0
0.0,0.0,0.0,1192.0,10995498.0,57.0,19307.0,0.27,0.83,0.53,9647.24,1956.17,561.0,1.0,0.0,0.0,0.0,0.0
1.0,0.0,0.0,0.0,58.0,2.0,7.0,0.02,0.0,0.03,0.58,0.03,15445.0,0.0,1.0,0.0,1.0,0.0
1.0,1.0,0.0,30.0,263.0,2.0,17.0,0.0,0.0,0.0,0.02,0.0,23009.0,0.0,1.0,1.0,1.0,0.0
1.0,1.0,0.0,1001.0,82.0,25.0,0.0,0.53,0.59,1.19,0.13,352.23,469.0,0.0,0.0,0.0,0.0,0.0
0.0,0.0,0.0,5.0,89.0,14.0,1.0,0.0,0.0,0.54,0.0,14.33,2239.0,0.0,0.0,0.0,0.0,0.0
1.0,1.0,0.0,0.0,218.0,1.0,20.0,0.0,0.09,0.0,0.39,0.11,2887.0,0.0,0.0,0.0,0.0,0.0
0.0,0.0,0.0,19.0,174.0,344.0,3.0,1.23,0.2,0.36,0.13,20125.51,250.0,0.0,0.0,0.0,0.0,0.0
1.0,0.0,0.0,0.0,1425.0,7.0,4.0,0.0,0.0,0.0,0.13,0.03,22600.0,0.0,1.0,1.0,1.0,0.0
1.0,1.0,0.0,0.0,1013.0,1.0,40.0,0.01,0.0,1.0,0.51,0.43,1947.0,0.0,1.0,1.0,0.0,0.0
0.0,0.0,0.0,199.0,665.0,1860.0,6.0,0.63,0.42,0.72,0.47,2549.64,3367.0,0.0,0.0,0.0,1.0,0.0
1.0,0.0,0.0,1.0,1570.0,72.0,4.0,0.07,1.01,0.0,0.52,0.27,21745.0,0.0,0.0,0.0,0.0,0.0
0.0,1.0,0.0,1951.0,344949.0,1343.0,4788.0,0.06,0.67,0.5,186.95,3991.35,29486.0,1.0,0.0,0.0,0.0,0.0
1.0,1.0,0.0,0.0,14785.0,0.0,365.0,1.0,0.0,0.0,0.01,0.09,1111447.0,0.0,0.0,0.0,1.0,0.0
1.0,0.0,0.0,81.0,6659.0,3205.0,167.0,0.05,0.23,0.96,0.05,1.38,79287.0,0.0,1.0,0.0,1.0,0.0
0.0,0.0,0.0,1896.0,99712.0,1202.0,2357.0,0.47,0.5,1.56,1.91,502.85,4970.0,1.0,0.0,0.0,0.0,0.0
1.0,1.0,0.0,0.0,15283.0,4.0,414.0,0.0,1.0,0.0,4.44,0.33,19808.0,0.0,0.0,0.0,1.0,0.0
0.0,0.0,0.0,8485.0,647.0,670.0,11.0,0.1,0.58,0.96,0.22,3080.14,15293.0,0.0,1.0,0.0,0.0,0.0
1.0,1.0,0.0,0.0,14.0,0.0,8.0,0.0,1.0,0.0,0.01,0.0,182.0,0.0,1.0,1.0,1.0,0.0
1.0,0.0,0.0,0.0,240.0,16.0,27.0,0.0,0.0,0.0,0.0,0.01,32277.0,0.0,1.0,0.0,1.0,0.0
1.0,1.0,0.0,76.0,2018.0,6.0,78.0,1.0,2.0,0.0,1.17,0.6,25783.0,0.0,1.0,1.0,0.0,0.0
0.0,0.0,0.0,90342.0,4317.0,3475.0,34.0,0.26,0.38,1.28,0.16,2240.38,107525.0,0.0,0.0,0.0,0.0,0.0
1.0,0.0,0.0,0.0,171.0,2.0,21.0,0.0,0.0,0.0,0.04,0.0,5684.0,0.0,0.0,0.0,0.0,0.0
1.0,1.0,0.0,0.0,34.0,1.0,10.0,0.0,0.05,0.0,0.0,0.02,2290.0,0.0,0.0,0.0,0.0,0.0
1.0,0.0,0.0,1.0,713.0,1455.0,3.0,0.0,0.96,0.01,0.22,0.01,94411.0,0.0,0.0,0.0,0.0,0.0
1.0,1.0,0.0,85.0,13992.0,3437.0,14903.0,2.85,0.8,1.55,0.0,2.88,942743.0,0.0,1.0,0.0,0.0,0.0
1.0,1.0,0.0,124.0,24776.0,2.0,673.0,0.02,0.0,1.0,0.0,2.08,57430.0,0.0,0.0,0.0,0.0,0.0
0.0,0.0,0.0,1833.0,2196.0,328.0,55.0,0.63,0.38,1.29,14.85,739.67,602.0,0.0,0.0,0.0,0.0,0.0
0.0,0.0,0.0,2006.0,945904.0,1380.0,1795.0,0.33,0.7,1.3,40.09,24.74,33164.0,1.0,0.0,0.0,0.0,0.0
1.0,1.0,0.0,2.0,44.0,1.0,7.0,0.0,1.0,0.0,0.01,0.0,1868.0,0.0,0.0,0.0,0.0,0.0
1.0,1.0,0.0,3.0,8326.0,1.0,434.0,0.07,1.93,0.0,7.66,4.28,3758.0,0.0,1.0,1.0,1.0,0.0
0.0,1.0,0.0,1063.0,31174.0,55.0,928.0,0.11,0.74,0.98,83.09,5682.27,777.0,0.0,0.0,0.0,0.0,0.0
0.0,0.0,0.0,8949.0,372.0,528.0,14.0,0.05,0.41,1.36,0.78,2373.38,10610.0,0.0,0.0,0.0,1.0,0.0
0.0,0.0,0.0,0.0,32.0,147.0,0.0,0.02,0.07,0.73,0.0,180.67,492.0,0.0,1.0,1.0,0.0,0.0
1.0,1.0,1.0,4.0,175.0,39.0,13.0,0.0,1.0,0.0,0.51,0.67,4487.0,0.0,1.0,1.0,1.0,0.0
1.0,0.0,0.0,0.0,116.0,1.0,22.0,0.0,0.0,0.0,0.01,0.02,18719.0,0.0,1.0,1.0,1.0,0.0
1.0,1.0,0.0,22.0,589169.0,448172.0,2396.0,0.0,0.31,0.51,50.5,12.37,7293.0,1.0,0.0,0.0,0.0,0.0
0.0,1.0,0.0,237.0,390027.0,104.0,754.0,0.6,0.6,1.0,1029.08,127.93,465.0,1.0,0.0,0.0,0.0,0.0
1.0,1.0,0.0,0.0,144.0,0.0,18.0,0.01,0.0,0.0,0.54,0.62,2072.0,0.0,0.0,0.0,0.0,0.0
0.0,0.0,0.0,246.0,12249.0,2029.0,168.0,0.79,0.79,0.37,0.81,2.17,18579.0,1.0,0.0,0.0,0.0,0.0
0.0,0.0,0.0,2029.0,7662.0,320.0,171.0,0.49,1.01,1.22,29.75,139.48,640.0,0.0,0.0,0.0,0.0,0.0
0.0,0.0,0.0,5527.0,46.0,227.0,2.0,0.18,0.86,0.74,0.05,9011.21,11545.0,0.0,0.0,0.0,0.0,0.0
1.0,1.0,1.0,0.0,153.0,0.0,22.0,0.0,0.0,0.19,0.26,0.11,21506.0,0.0,0.0,0.0,1.0,0.0
1.0,1.0,0.0,3.0,2393.0,4.0,8.0,0.0,0.0,0.0,2.0,0.36,5304.0,0.0,1.0,1.0,1.0,0.0
1.0,1.0,0.0,0.0,2505.0,2.0,70.0,0.0,1.0,0.0,0.19,0.05,7734.0,0.0,1.0,1.0,1.0,0.0
0.0,0.0,0.0,60.0,35056.0,887.0,852.0,0.3,0.18,0.75,1.38,6410.23,17463.0,1.0,0.0,0.0,0.0,0.0
1.0,1.0,0.0,0.0,2695.0,0.0,72.0,0.47,1.0,0.0,2.12,1.46,1668.0,0.0,1.0,1.0,0.0,0.0
0.0,0.0,0.0,1657.0,186.0,1455.0,2.0,0.16,0.54,1.2,0.23,6005.63,303.0,0.0,0.0,0.0,0.0,0.0
0.0,0.0,0.0,846.0,3741181.0,608.0,34906.0,0.13,0.91,0.87,262.94,30.65,13031.0,1.0,0.0,0.0,0.0,0.0
0.0,0.0,0.0,0.0,29177192.0,1.0,86792.0,0.13,0.31,0.17,12568.61,1281.0,3437.0,1.0,0.0,0.0,0.0,0.0
0.0,0.0,0.0,3768.0,8736.0,9610.0,203.0,1.15,0.49,1.54,0.95,8.24,9593.0,0.0,0.0,0.0,0.0,0.0
0.0,0.0,0.0,836.0,24409.0,1037.0,972.0,0.31,0.6,0.95,3.64,1029.85,6457.0,0.0,0.0,0.0,0.0,0.0
0.0,1.0,0.0,359.0,148.0,283.0,17.0,0.1,0.57,1.09,0.45,6313.15,226.0,0.0,0.0,0.0,1.0,0.0
0.0,0.0,0.0,5048.0,531.0,1848.0,11.0,0.53,0.24,0.42,0.62,672.2,3749.0,0.0,0.0,0.0,0.0,0.0
0.0,0.0,0.0,5231.0,102.0,242.0,0.0,0.04,0.79,0.85,0.22,38976.88,5380.0,0.0,0.0,0.0,1.0,0.0
0.0,0.0,0.0,777.0,1533.0,349.0,108.0,0.12,0.51,0.73,0.54,5312.29,1406.0,0.0,0.0,0.0,1.0,0.0
0.0,0.0,0.0,197.0,208.0,459.0,15.0,1.34,0.64,1.13,1.65,1463.58,363.0,0.0,0.0,0.0,0.0,0.0
1.0,1.0,0.0,0.0,922.0,0.0,47.0,0.0,1.01,0.0,0.31,0.22,9784.0,0.0,1.0,1.0,1.0,0.0
0.0,0.0,0.0,11.0,103097203.0,621611.0,228110.0,0.13,0.79,0.37,592527.63,136109.7,15516.0,1.0,0.0,0.0,0.0,0.0
0.0,0.0,0.0,20802.0,14450274.0,598.0,37472.0,0.3,0.33,1.08,6830.07,4941.84,10207.0,1.0,0.0,0.0,0.0,0.0
0.0,1.0,0.0,6636.0,217.0,2129.0,1.0,0.27,0.58,1.79,0.34,1395.53,961.0,0.0,0.0,0.0,0.0,0.0
0.0,0.0,0.0,2221.0,768093.0,1203.0,465.0,2.38,1.22,0.09,55.67,8.55,88437.0,1.0,0.0,0.0,0.0,0.0
1.0,1.0,0.0,174.0,6.0,897.0,1.0,1.08,0.52,1.45,0.0,9184.5,227.0,0.0,0.0,0.0,0.0,0.0
1.0,0.0,0.0,731.0,722.0,819.0,48.0,0.14,0.9,0.19,0.14,0.79,2626.0,0.0,0.0,0.0,0.0,0.0
1.0,0.0,0.0,165.0,6730.0,1.0,199.0,0.0,1.0,0.0,0.44,0.18,11460.0,0.0,1.0,1.0,1.0,0.0
0.0,0.0,0.0,993.0,520.0,1039.0,22.0,0.18,0.53,1.03,0.37,319.66,2071.0,0.0,0.0,0.0,0.0,0.0
1.0,1.0,0.0,0.0,72.0,0.0,19.0,0.0,0.0,0.0,0.01,0.0,183337.0,0.0,0.0,0.0,1.0,0.0
1.0,1.0,0.0,0.0,77.0,22.0,0.0,0.0,0.99,0.0,0.0,0.0,99758.0,0.0,0.0,0.0,0.0,0.0
0.0,0.0,0.0,2488.0,3676491.0,309.0,15744.0,0.07,0.44,0.7,3568.96,1356.12,8302.0,1.0,0.0,0.0,0.0,0.0
1.0,0.0,0.0,0.0,428.0,12.0,14.0,0.0,1.0,0.0,0.73,0.71,3966.0,0.0,1.0,0.0,1.0,0.0
0.0,0.0,0.0,6290.0,3324942.0,412.0,14411.0,0.28,0.95,0.31,661.11,2611.96,10379.0,1.0,0.0,0.0,0.0,0.0
1.0,1.0,0.0,2.0,5195.0,3.0,112.0,0.0,0.0,0.0,0.5,0.05,171636.0,0.0,1.0,0.0,0.0,0.0
0.0,0.0,0.0,9.0,65.0,128.0,0.0,0.01,0.03,0.76,0.0,104.35,1814.0,0.0,0.0,1.0,0.0,0.0
0.0,0.0,0.0,202.0,106629.0,100.0,1117.0,0.1,0.12,0.99,16.37,7.84,3839.0,1.0,0.0,0.0,0.0,0.0
1.0,1.0,0.0,0.0,30.0,3.0,12.0,0.0,1.0,0.0,0.01,0.03,1159.0,0.0,0.0,0.0,1.0,0.0
1.0,0.0,0.0,4.0,345.0,323.0,10.0,7.63,1.35,0.0,0.55,0.15,5560.0,0.0,0.0,0.0,0.0,0.0
0.0,0.0,0.0,0.0,38.0,138.0,0.0,0.04,0.09,0.24,0.04,0.79,292.0,0.0,0.0,0.0,0.0,0.0
1.0,1.0,0.0,3.0,202.0,2.0,9.0,0.01,0.01,1.01,0.21,0.14,417.0,0.0,0.0,1.0,1.0,0.0
0.0,0.0,0.0,3937.0,699.0,300.0,53.0,0.1,0.43,0.89,1.89,44.96,22145.0,0.0,0.0,0.0,0.0,0.0
1.0,1.0,0.0,2.0,1430.0,2227.0,12.0,0.01,0.08,0.16,3.54,0.94,114.0,0.0,1.0,1.0,1.0,0.0
0.0,0.0,0.0,1355.0,46278.0,110.0,474.0,0.31,0.7,0.78,69.75,2819.56,4690.0,1.0,0.0,0.0,0.0,0.0
0.0,0.0,0.0,141.0,96073.0,315.0,897.0,0.15,0.48,0.56,82.73,1044.39,25550.0,1.0,1.0,1.0,0.0,0.0
0.0,1.0,0.0,6.0,672.0,36.0,82.0,0.0,0.01,0.25,0.08,0.03,11449.0,0.0,1.0,0.0,0.0,0.0
0.0,1.0,0.0,21259.0,255.0,750.0,3.0,0.04,0.37,1.75,0.49,2741.71,8350.0,0.0,0.0,0.0,0.0,0.0
0.0,0.0,0.0,30.0,426959.0,600.0,4928.0,0.46,0.69,0.97,72.98,55.31,508.0,1.0,0.0,0.0,1.0,0.0
1.0,1.0,0.0,0.0,358.0,0.0,18.0,0.0,0.0,0.0,0.07,0.04,5103.0,0.0,0.0,0.0,0.0,0.0
1.0,1.0,1.0,0.0,14.0,2.0,2.0,0.0,1.02,0.0,0.0,0.0,10194.0,0.0,1.0,1.0,0.0,0.0
1.0,0.0,0.0,6.0,78.0,0.0,5.0,0.0,0.0,0.0,0.04,0.02,6667.0,0.0,0.0,0.0,0.0,0.0
0.0,0.0,0.0,1234.0,1232570.0,2261.0,6343.0,0.32,0.55,1.6,995.7,340.78,23149.0,1.0,0.0,0.0,0.0,0.0
1.0,1.0,0.0,0.0,33.0,1.0,11.0,0.0,0.0,0.0,0.3,0.12,1025.0,0.0,0.0,0.0,1.0,0.0
0.0,0.0,0.0,1266.0,70.0,43.0,10.0,0.25,0.6,0.95,0.08,2011.82,9300.0,0.0,0.0,0.0,0.0,0.0
1.0,0.0,0.0,0.0,171.0,0.0,19.0,0.0,0.0,0.0,0.17,0.14,6068.0,0.0,0.0,1.0,1.0,0.0
1.0,1.0,0.0,150.0,143.0,0.0,1.0,0.44,0.15,0.99,0.07,730.52,545.0,0.0,0.0,0.0,1.0,0.0
0.0,1.0,0.0,1276.0,24234.0,161.0,112.0,0.01,0.88,0.2,27.11,913.3,10129.0,0.0,1.0,1.0,0.0,0.0
0.0,0.0,0.0,6921.0,4744999.0,136.0,18174.0,0.62,1.04,1.06,2154.59,646.45,27989.0,1.0,0.0,0.0,0.0,0.0
0.0,0.0,0.0,457.0,1242.0,2174.0,41.0,0.2,0.47,1.21,1.11,123.19,735.0,0.0,0.0,0.0,1.0,0.0
0.0,1.0,0.0,80.0,28.0,134.0,2.0,1.69,0.98,1.94,0.41,0.1,782.0,0.0,0.0,0.0,0.0,0.0
1.0,0.0,0.0,0.0,103.0,1.0,17.0,0.0,0.0,0.0,0.06,0.02,16414.0,0.0,1.0,1.0,1.0,0.0
0.0,0.0,0.0,422.0,4370113.0,2320.0,41883.0,0.56,0.72,0.84,368.09,677.26,5847.0,1.0,0.0,0.0,0.0,0.0
1.0,1.0,0.0,0.0,155.0,1.0,36.0,0.0,1.0,0.0,0.12,0.11,4673.0,0.0,1.0,1.0,1.0,0.0
1.0,1.0,0.0,0.0,48.0,1.0,9.0,0.24,0.0,0.0,0.05,0.02,1206.0,0.0,0.0,0.0,0.0,0.0
0.0,1.0,0.0,34195.0,245.0,515.0,11.0,0.0,0.37,1.36,7.17,2520.29,2643.0,0.0,0.0,0.0,0.0,0.0
0.0,0.0,0.0,42201.0,396.0,1444.0,11.0,0.14,0.37,1.18,0.4,1161.55,15171.0,0.0,0.0,0.0,0.0,0.0
1.0,0.0,0.0,18.0,1238.0,2737.0,6.0,0.03,0.6,0.87,0.61,0.39,189.0,0.0,0.0,0.0,0.0,0.0
0.0,0.0,0.0,3519.0,7243623.0,550.0,5044.0,0.23,0.81,0.82,20461.72,3801.66,6579.0,1.0,0.0,0.0,1.0,0.0
1.0,0.0,0.0,2.0,94.0,1.0,10.0,0.0,0.0,1.17,0.31,0.06,503.0,0.0,0.0,0.0,1.0,0.0
0.0,0.0,0.0,1878.0,17815.0,304.0,450.0,0.63,0.7,0.88,36.09,1078.54,6208.0,1.0,0.0,0.0,0.0,0.0
0.0,1.0,0.0,4147.0,58769.0,43443.0,315.0,0.25,0.21,1.17,3.35,2.93,635.0,0.0,0.0,0.0,0.0,0.0
0.0,0.0,0.0,317.0,858698.0,188.0,7247.0,0.17,0.91,0.81,291.14,49.07,25484.0,1.0,0.0,0.0,0.0,0.0
0.0,0.0,0.0,3107.0,51516.0,855.0,2292.0,0.16,0.78,0.77,15.74,22.72,15383.0,1.0,0.0,0.0,0.0,0.0
0.0,0.0,0.0,0.0,293.0,0.0,6.0,0.2,0.6,0.0,0.74,0.11,1764.0,0.0,0.0,0.0,0.0,0.0
1.0,1.0,0.0,0.0,284.0,0.0,24.0,0.0,0.0,0.0,0.27,0.03,31721.0,0.0,1.0,1.0,1.0,0.0
1.0,1.0,1.0,53.0,17.0,240.0,1.0,0.01,0.89,0.21,0.04,7.62,621.0,0.0,0.0,0.0,0.0,0.0
0.0,0.0,0.0,721.0,2669057.0,268.0,15403.0,0.18,0.81,0.59,115.75,7540.59,4635.0,1.0,0.0,0.0,0.0,0.0
0.0,0.0,0.0,940.0,78062656.0,35771.0,107338.0,0.33,0.94,0.8,14038.07,2583.66,16888.0,1.0,0.0,0.0,0.0,0.0
0.0,0.0,0.0,991.0,29142216.0,381.0,46180.0,0.64,0.82,0.79,37016.18,7232.82,1640.0,1.0,0.0,0.0,0.0,0.0
1.0,0.0,0.0,0.0,29.0,0.0,7.0,0.0,0.0,0.0,0.11,0.07,6014.0,0.0,0.0,0.0,1.0,0.0
1.0,1.0,0.0,0.0,4981.0,0.0,226.0,0.0,1.0,0.0,4.56,1.15,5419.0,0.0,0.0,0.0,1.0,0.0
1.0,0.0,0.0,170.0,2195.0,114.0,254.0,1.54,1.39,0.59,0.1,0.07,155200.0,0.0,0.0,0.0,1.0,0.0
1.0,0.0,0.0,853.0,103739.0,111128.0,148.0,0.01,1.04,0.06,0.45,316.93,6301.0,0.0,0.0,0.0,0.0,0.0
1.0,1.0,0.0,0.0,71.0,0.0,22.0,0.0,0.0,0.0,0.33,0.19,2233.0,0.0,1.0,0.0,0.0,0.0
0.0,0.0,0.0,984.0,599163.0,1888.0,7320.0,0.19,0.8,0.53,78.69,653.33,60706.0,1.0,0.0,0.0,0.0,0.0
1.0,0.0,0.0,0.0,102.0,1.0,16.0,0.0,1.0,0.0,0.23,0.05,3167.0,0.0,1.0,1.0,1.0,0.0
1.0,1.0,0.0,0.0,319.0,0.0,52.0,0.0,1.0,0.0,0.25,0.07,11068.0,0.0,0.0,0.0,0.0,0.0
0.0,0.0,0.0,398.0,5609.0,882.0,291.0,0.62,0.49,1.61,1.23,5787.37,911.0,0.0,0.0,0.0,0.0,0.0
1.0,1.0,0.0,0.0,59.0,0.0,19.0,0.0,0.9,0.0,0.14,0.16,886.0,0.0,1.0,1.0,1.0,0.0
1.0,1.0,0.0,0.0,157.0,1.0,29.0,0.0,1.0,0.0,0.03,0.04,4810.0,0.0,0.0,0.0,1.0,0.0
1.0,0.0,0.0,0.0,17.0,1.0,8.0,0.0,1.0,0.0,0.0,0.01,3222.0,0.0,1.0,0.0,1.0,0.0
0.0,0.0,0.0,171.0,56893796.0,1235.0,132464.0,0.34,1.08,0.72,49625.65,13581.32,4371.0,1.0,0.0,0.0,0.0,0.0
1.0,1.0,0.0,48.0,155.0,0.0,35.0,1.0,1.0,0.0,0.02,0.05,6356.0,0.0,1.0,1.0,1.0,0.0
1.0,1.0,0.0,0.0,84.0,30.0,9.0,0.0,0.0,0.0,0.08,0.03,5556.0,0.0,0.0,0.0,0.0,0.0
0.0,0.0,0.0,1222.0,2136368.0,329.0,19558.0,0.49,0.58,1.01,195.59,3390.68,2481.0,1.0,0.0,0.0,0.0,0.0
1.0,1.0,0.0,2.0,64.0,0.0,7.0,0.0,0.01,0.0,0.05,0.22,3109.0,0.0,0.0,0.0,0.0,0.0
1.0,0.0,0.0,0.0,1125.0,1.0,24.0,0.0,0.0,0.0,0.74,0.16,53187.0,0.0,0.0,0.0,1.0,0.0
0.0,0.0,0.0,5834.0,11984.0,1261.0,258.0,0.24,0.93,0.19,3.3,0.62,6671.0,1.0,0.0,0.0,0.0,0.0
0.0,0.0,0.0,1692.0,17800.0,3253.0,637.0,0.0,0.46,1.02,16.33,444.74,376072.0,0.0,0.0,0.0,0.0,0.0
0.0,0.0,0.0,201.0,1746828.0,219.0,5566.0,0.76,0.31,2.12,129.0,28.93,17398.0,1.0,0.0,0.0,0.0,0.0
0.0,0.0,0.0,24635.0,1516385.0,264832.0,11231.0,0.14,0.75,0.86,35.19,56.04,9766.0,1.0,0.0,0.0,0.0,0.0
1.0,1.0,0.0,13.0,938.0,7.0,25.0,0.05,0.99,0.07,0.88,3.88,3202.0,0.0,1.0,0.0,1.0,0.0
0.0,0.0,0.0,1154.0,23026364.0,771.0,40186.0,0.07,0.9,1.11,35724.54,9116.79,10139.0,1.0,0.0,0.0,0.0,0.0
1.0,0.0,0.0,2.0,507.0,2.0,17.0,0.02,0.02,1.18,2.76,1.63,298.0,0.0,0.0,0.0,0.0,0.0
1.0,0.0,0.0,1603.0,92254.0,13949.0,532.0,0.77,0.84,0.52,5.99,6.31,1785.0,1.0,0.0,0.0,0.0,0.0
0.0,0.0,0.0,268.0,1984608.0,1826.0,16642.0,0.15,0.4,1.1,727.3,1705.7,49282.0,1.0,0.0,0.0,0.0,0.0
1.0,0.0,0.0,127.0,88.0,26.0,20.0,0.0,0.36,1.0,0.46,0.19,211.0,0.0,0.0,0.0,1.0,0.0
1.0,0.0,0.0,0.0,29.0,1.0,9.0,1.0,0.03,0.0,0.01,0.02,4911.0,0.0,1.0,1.0,1.0,0.0
0.0,0.0,0.0,878.0,1790.0,733.0,56.0,0.18,0.26,0.46,3.62,109.5,1870.0,0.0,0.0,0.0,0.0,0.0
0.0,0.0,0.0,90.0,15256412.0,693.0,48446.0,0.64,0.84,1.81,677.62,269.1,9196.0,1.0,0.0,0.0,0.0,0.0
1.0,1.0,0.0,1.0,7086.0,0.0,120.0,0.0,0.0,1.0,0.51,0.38,108527.0,0.0,0.0,0.0,0.0,0.0
0.0,0.0,0.0,358.0,777.0,399.0,76.0,1.27,0.75,1.54,0.98,0.97,1011.0,0.0,0.0,0.0,0.0,0.0
1.0,1.0,1.0,0.0,234.0,2.0,23.0,0.0,1.03,0.0,0.13,0.06,32141.0,0.0,0.0,0.0,0.0,0.0
0.0,0.0,0.0,13458.0,37429.0,9935.0,725.0,0.27,0.61,1.09,7.07,5.77,8979.0,1.0,0.0,0.0,0.0,0.0
0.0,0.0,0.0,25991.0,16399.0,914.0,154.0,0.0,0.3,1.23,24.28,279.74,27756.0,0.0,0.0,0.0,0.0,0.0
0.0,0.0,0.0,375.0,57.0,87.0,2.0,0.47,0.2,0.83,0.52,1110.01,317.0,0.0,0.0,0.0,0.0,0.0
0.0,0.0,0.0,821.0,4162831.0,5528.0,15355.0,0.32,0.74,1.06,87.84,789.29,45462.0,1.0,0.0,0.0,0.0,0.0
1.0,0.0,0.0,4.0,316.0,3.0,15.0,0.0,1.0,0.0,0.41,0.16,12780.0,0.0,1.0,1.0,1.0,0.0
1.0,1.0,0.0,0.0,22.0,1.0,6.0,0.0,1.0,0.0,0.1,0.1,4320.0,0.0,0.0,1.0,0.0,0.0
1.0,1.0,0.0,0.0,399.0,1580.0,35.0,0.0,1.0,0.0,0.2,0.07,4702.0,0.0,0.0,0.0,1.0,0.0
0.0,0.0,0.0,11414.0,1741394.0,584.0,219.0,0.14,0.7,0.85,308.69,5495.95,5684.0,1.0,0.0,0.0,0.0,0.0
1.0,1.0,0.0,41.0,411.0,456.0,22.0,0.0,1.03,0.01,0.11,0.02,6320.0,0.0,1.0,1.0,0.0,0.0
0.0,0.0,0.0,1363.0,22926031.0,541.0,29535.0,0.97,0.68,1.21,4562.29,399.95,20803.0,1.0,0.0,0.0,0.0,0.0
0.0,0.0,0.0,977.0,33649.0,1111.0,420.0,0.21,0.61,1.28,54.91,12154.69,351.0,0.0,0.0,0.0,0.0,0.0
1.0,1.0,0.0,0.0,224.0,0.0,40.0,0.02,1.01,0.0,1.07,0.48,1063.0,0.0,1.0,1.0,1.0,0.0
0.0,0.0,0.0,1549.0,346691.0,194.0,2640.0,0.35,0.75,1.7,147.94,30.99,12263.0,1.0,0.0,0.0,0.0,0.0
1.0,1.0,1.0,2.0,176.0,9.0,17.0,0.0,1.0,0.0,0.06,0.02,6373.0,0.0,1.0,1.0,0.0,0.0
0.0,0.0,0.0,1661.0,135818.0,93963.0,1416.0,0.08,0.53,0.55,1.29,0.15,49402.0,0.0,0.0,0.0,1.0,0.0
0.0,0.0,0.0,280.0,20.0,43.0,3.0,0.61,0.75,0.5,2.55,0.1,1053.0,0.0,0.0,0.0,0.0,0.0
1.0,0.0,0.0,415.0,84352.0,18.0,1760.0,0.52,0.84,0.0,7.82,3.52,2779.0,0.0,0.0,0.0,0.0,0.0
0.0,0.0,0.0,2895.0,378.0,588.0,4.0,0.05,0.28,0.87,1.21,2255.5,463.0,0.0,0.0,0.0,0.0,0.0
0.0,0.0,0.0,2537.0,370819.0,946.0,2672.0,0.46,0.52,1.28,7.38,579.31,14263.0,1.0,0.0,0.0,0.0,0.0
1.0,0.0,0.0,6.0,147.0,0.0,20.0,0.0,1.0,0.0,0.23,0.06,731.0,0.0,1.0,1.0,1.0,0.0
0.0,0.0,0.0,128.0,42874.0,124.0,1058.0,0.11,1.0,0.59,43.2,9.14,3063.0,0.0,0.0,0.0,1.0,0.0
1.0,0.0,0.0,373.0,126460.0,5130.0,1526.0,0.0,0.0,0.0,259.02,116.46,11566.0,0.0,0.0,0.0,0.0,0.0
0.0,0.0,0.0,62896.0,64953.0,1338.0,2704.0,0.56,0.67,2.31,2.08,43.64,161649.0,1.0,0.0,0.0,0.0,0.0
0.0,0.0,0.0,88.0,1563445.0,75.0,3906.0,0.34,1.01,0.4,34.6,2.4,14602.0,1.0,0.0,0.0,1.0,0.0
1.0,0.0,0.0,16.0,37260.0,26.0,35.0,0.0,1.98,0.0,3.24,4.16,26975.0,0.0,0.0,0.0,0.0,0.0
1.0,1.0,0.0,10.0,2219.0,3.0,417.0,3.03,0.38,1.16,0.0,2.95,109799.0,0.0,1.0,1.0,1.0,0.0
0.0,0.0,0.0,38.0,151.0,283.0,2.0,0.19,0.38,0.98,0.01,2251.03,645.0,0.0,0.0,0.0,0.0,0.0
0.0,0.0,0.0,53933.0,14371.0,1278.0,80.0,0.02,0.28,0.78,104.21,1278.76,16502.0,1.0,0.0,0.0,0.0,0.0
1.0,1.0,0.0,0.0,176.0,0.0,31.0,0.0,0.0,0.0,0.0,0.01,25331.0,0.0,0.0,0.0,0.0,0.0
1.0,1.0,0.0,0.0,163.0,4.0,19.0,0.02,1.0,0.0,0.57,0.28,1488.0,0.0,1.0,1.0,1.0,0.0
0.0,0.0,0.0,485.0,1079337.0,204.0,4610.0,0.35,1.1,0.87,867.92,140.78,2942.0,1.0,0.0,0.0,0.0,0.0
0.0,0.0,0.0,27529.0,1016.0,4998.0,32.0,0.23,0.5,1.23,0.09,75.29,7502.0,0.0,0.0,0.0,0.0,0.0
1.0,1.0,0.0,0.0,85.0,0.0,30.0,0.0,1.0,0.0,0.03,0.01,11357.0,0.0,0.0,0.0,0.0,0.0
0.0,1.0,1.0,39.0,3.0,24.0,0.0,0.25,0.25,1.13,0.33,1702.47,100.0,0.0,0.0,0.0,0.0,0.0
0.0,0.0,0.0,91.0,8320.0,7.0,273.0,0.0,0.0,0.0,5.86,2.34,13071.0,0.0,0.0,0.0,0.0,0.0
1.0,1.0,0.0,0.0,53.0,1.0,10.0,0.02,0.0,0.0,0.0,0.01,100124.0,0.0,1.0,1.0,0.0,0.0
1.0,0.0,0.0,1.0,38.0,3.0,8.0,0.0,1.0,0.0,0.31,0.05,575.0,0.0,0.0,0.0,1.0,0.0
0.0,0.0,0.0,5146.0,309036.0,1598.0,2570.0,0.7,0.99,0.38,59.6,5.16,14009.0,1.0,0.0,0.0,0.0,0.0
1.0,1.0,0.0,0.0,148.0,1.0,30.0,0.0,1.0,0.0,0.01,0.0,2496.0,0.0,0.0,0.0,1.0,0.0
1.0,0.0,0.0,0.0,59.0,1.0,23.0,0.83,0.68,0.0,0.03,0.01,6728.0,0.0,1.0,1.0,1.0,0.0
1.0,0.0,0.0,16.0,5634.0,57.0,358.0,2.5,0.89,1.0,0.0,0.01,516972.0,0.0,1.0,1.0,1.0,0.0
0.0,1.0,0.0,340.0,87.0,70.0,3.0,0.1,0.49,1.47,1.52,4146.15,347.0,0.0,0.0,0.0,0.0,0.0
0.0,1.0,0.0,71.0,1703.0,34.0,9.0,0.02,0.32,0.14,17.44,5.36,159.0,0.0,0.0,0.0,0.0,0.0
1.0,1.0,0.0,0.0,25.0,11.0,3.0,0.0,1.0,0.0,0.03,0.0,4125.0,0.0,1.0,1.0,1.0,0.0
1.0,1.0,0.0,0.0,186.0,0.0,14.0,0.0,0.0,0.0,0.02,0.07,6893.0,0.0,0.0,0.0,0.0,0.0
1.0,1.0,0.0,144581.0,60024.0,55140.0,5612.0,0.92,0.58,1.61,0.0,10.39,103904.0,0.0,0.0,0.0,0.0,0.0
1.0,1.0,0.0,36273.0,195.0,82.0,5.0,0.0,0.8,1.01,0.04,37531.05,21058.0,0.0,0.0,0.0,0.0,0.0
1.0,0.0,0.0,0.0,31.0,1.0,5.0,0.0,0.05,0.0,0.01,0.0,5241.0,0.0,0.0,0.0,1.0,0.0
0.0,0.0,0.0,800.0,8777.0,333.0,105.0,0.4,0.53,0.57,96.24,94.21,7234.0,0.0,0.0,0.0,1.0,0.0
0.0,0.0,0.0,44409.0,18914.0,1631.0,877.0,0.02,0.54,0.85,48.25,192.26,382.0,1.0,0.0,0.0,0.0,0.0
1.0,0.0,0.0,958.0,1123.0,2569.0,32.0,1.45,1.65,0.28,0.51,3.46,594.0,0.0,0.0,0.0,0.0,0.0
0.0,0.0,0.0,228.0,317040.0,241.0,2463.0,0.12,1.06,0.6,516.78,425.6,2101.0,1.0,0.0,0.0,0.0,0.0
0.0,0.0,0.0,33.0,1979679.0,30524.0,11785.0,0.12,0.33,1.15,89.37,11.48,6843.0,1.0,0.0,0.0,0.0,0.0
1.0,1.0,0.0,0.0,12.0,0.0,7.0,0.0,0.0,0.0,0.01,0.01,156.0,0.0,0.0,0.0,1.0,0.0
0.0,0.0,0.0,323.0,419.0,565.0,4.0,0.14,0.42,1.26,0.21,1220.75,539.0,0.0,0.0,0.0,0.0,0.0
1.0,1.0,0.0,0.0,4593.0,16.0,209.0,5.0,0.0,0.0,0.51,0.05,67620.0,0.0,0.0,0.0,1.0,0.0
0.0,0.0,0.0,24866.0,845.0,663.0,1.0,0.0,0.24,0.85,2.18,2437.45,34946.0,0.0,0.0,0.0,0.0,0.0
1.0,0.0,0.0,129.0,3594.0,6.0,42.0,0.0,0.0,1.05,0.63,0.33,72621.0,0.0,0.0,0.0,1.0,0.0
0.0,1.0,0.0,2036.0,60.0,121.0,0.0,0.5,0.41,1.52,0.42,16396.53,1084.0,0.0,0.0,0.0,1.0,0.0
0.0,0.0,0.0,127.0,56.0,0.0,4.0,0.04,0.92,0.18,0.05,0.3,473.0,0.0,0.0,0.0,0.0,0.0
0.0,0.0,0.0,259.0,4235251.0,906.0,12670.0,0.14,0.98,0.39,96.13,24.05,18869.0,1.0,0.0,0.0,0.0,0.0
1.0,0.0,0.0,700.0,13.0,3.0,3.0,0.0,0.0,0.99,0.1,0.06,854.0,0.0,1.0,1.0,1.0,0.0
1.0,1.0,0.0,1.0,35.0,0.0,1.0,0.0,1.0,1.0,0.18,0.16,303.0,0.0,0.0,0.0,1.0,0.0
0.0,0.0,0.0,22464.0,2119795.0,308.0,19905.0,0.04,0.71,0.96,272.54,628.55,14999.0,1.0,0.0,0.0,0.0,0.0
1.0,1.0,0.0,4.0,1839.0,0.0,25.0,0.05,2.0,0.0,0.05,0.0,624777.0,0.0,0.0,0.0,0.0,0.0
0.0,0.0,0.0,210.0,201.0,881.0,11.0,0.23,0.73,1.46,0.19,47768.64,347.0,0.0,0.0,0.0,0.0,0.0
1.0,1.0,0.0,8.0,8455.0,1.0,438.0,0.0,0.0,0.0,2.47,0.99,36586.0,0.0,0.0,0.0,0.0,0.0
0.0,0.0,0.0,8044.0,5023.0,1404.0,387.0,0.05,0.42,1.04,1.81,126.86,34621.0,0.0,0.0,0.0,0.0,0.0
0.0,0.0,0.0,18.0,216.0,399.0,6.0,0.27,0.9,0.26,0.3,0.13,433.0,0.0,0.0,0.0,0.0,0.0
0.0,0.0,0.0,199.0,265436.0,2998.0,6463.0,0.01,0.98,0.06,247.21,277.96,4277.0,1.0,0.0,0.0,0.0,0.0
0.0,0.0,0.0,146.0,695097.0,140169.0,13792.0,0.05,1.01,0.23,86.66,293.28,8887.0,1.0,0.0,0.0,0.0,0.0
1.0,0.0,0.0,0.0,8.0,1.0,7.0,0.0,0.0,0.0,0.05,0.0,258.0,0.0,0.0,0.0,0.0,0.0
1.0,1.0,0.0,33.0,3131.0,2.0,11.0,0.01,0.75,0.58,0.07,2.0,34307.0,0.0,1.0,0.0,1.0,0.0
0.0,0.0,0.0,6553.0,96046.0,100.0,777.0,0.54,1.05,0.64,157.26,21.11,5243.0,1.0,0.0,0.0,0.0,0.0
0.0,0.0,0.0,11.0,443473.0,109.0,5099.0,0.3,0.98,0.23,687.52,103.45,5734.0,1.0,0.0,0.0,0.0,0.0
1.0,0.0,0.0,352.0,24.0,2527.0,0.0,1.11,0.54,1.59,0.0,7138.43,450.0,0.0,1.0,1.0,0.0,0.0
1.0,1.0,0.0,63.0,749.0,3.0,9.0,0.0,0.99,0.0,0.01,0.0,54906.0,0.0,0.0,0.0,0.0,0.0
1.0,1.0,0.0,0.0,509.0,0.0,10.0,0.68,1.0,0.0,0.47,0.31,989.0,0.0,1.0,1.0,0.0,0.0
0.0,0.0,0.0,6625.0,2547.0,1743.0,82.0,1.18,0.46,2.41,1.98,42.57,2191.0,0.0,1.0,0.0,1.0,0.0
0.0,0.0,0.0,5243.0,375.0,190.0,4.0,0.0,0.4,0.72,1.07,2683.95,6268.0,0.0,0.0,0.0,0.0,0.0
1.0,1.0,0.0,0.0,187.0,1.0,17.0,0.0,1.0,0.0,0.04,0.02,573.0,0.0,0.0,0.0,0.0,0.0
0.0,0.0,0.0,73.0,1333641.0,727.0,9425.0,0.08,0.46,1.17,596.37,272.31,22026.0,1.0,0.0,0.0,0.0,0.0
1.0,0.0,0.0,0.0,1377.0,14.0,157.0,3.0,0.0,0.0,0.05,0.01,24220.0,0.0,0.0,0.0,0.0,0.0
0.0,0.0,0.0,7.0,779299.0,33.0,13122.0,0.25,1.05,0.44,2205.37,688.94,1210.0,1.0,0.0,0.0,0.0,0.0
0.0,0.0,0.0,136.0,252.0,216.0,4.0,0.11,0.25,0.77,0.39,0.44,536.0,0.0,0.0,0.0,0.0,0.0
0.0,1.0,0.0,8275.0,3663.0,1701.0,221.0,0.09,0.38,1.74,1.84,2257.46,11857.0,0.0,0.0,0.0,1.0,0.0
1.0,0.0,0.0,199.0,14240.0,5.0,165.0,0.0,0.0,0.05,21.25,7.47,26069.0,0.0,0.0,0.0,0.0,0.0
0.0,0.0,0.0,21092.0,13868.0,309.0,234.0,0.16,0.5,1.05,48.62,4807.78,3034.0,1.0,0.0,0.0,0.0,0.0
0.0,0.0,0.0,56.0,75.0,76.0,0.0,0.17,0.24,0.89,0.08,124.04,2907.0,0.0,0.0,0.0,0.0,0.0
1.0,0.0,0.0,2868.0,13917.0,142.0,1166.0,0.19,0.19,1.83,4.66,4.03,2497535.0,0.0,1.0,1.0,0.0,0.0
1.0,1.0,0.0,0.0,294.0,0.0,28.0,0.0,0.33,0.0,0.01,0.0,124441.0,0.0,0.0,0.0,1.0,0.0
0.0,0.0,0.0,405.0,212375.0,206.0,3302.0,0.26,0.86,1.1,164.9,94.21,3116.0,1.0,0.0,0.0,0.0,0.0
1.0,1.0,0.0,65.0,0.0,22.0,0.0,2.97,0.58,1.61,0.0,4683.44,113.0,0.0,0.0,0.0,1.0,0.0
0.0,0.0,0.0,178.0,2073.0,604.0,52.0,0.64,0.76,0.9,12.14,2.18,1035.0,0.0,0.0,0.0,1.0,0.0
1.0,1.0,0.0,55.0,1742.0,8.0,49.0,2.97,0.0,0.0,0.01,1.89,27851.0,0.0,0.0,0.0,0.0,0.0
1.0,1.0,0.0,47.0,137.0,355.0,0.0,0.0,1.0,0.0,0.05,0.02,1043.0,0.0,0.0,0.0,0.0,0.0
0.0,0.0,0.0,43.0,372988.0,304.0,9086.0,0.2,0.64,2.48,28.58,131.91,12607.0,1.0,0.0,0.0,0.0,0.0
1.0,1.0,0.0,24.0,3536.0,6.0,92.0,0.0,0.0,0.0,0.83,0.24,69680.0,0.0,1.0,1.0,0.0,0.0
1.0,1.0,0.0,23.0,1892.0,1.0,51.0,0.0,0.0,1.0,0.5,0.31,46460.0,0.0,1.0,1.0,1.0,0.0
1.0,1.0,1.0,0.0,30.0,7.0,5.0,0.0,1.0,0.0,0.05,0.02,4178.0,0.0,1.0,0.0,0.0,0.0
1.0,0.0,0.0,0.0,33.0,0.0,19.0,0.0,1.0,0.0,0.0,0.0,4666.0,0.0,1.0,1.0,1.0,0.0
0.0,0.0,0.0,8.0,2306.0,584.0,74.0,0.19,0.38,0.95,0.08,1.25,1245.0,1.0,0.0,0.0,0.0,0.0
1.0,0.0,0.0,0.0,11105.0,0.0,295.0,0.0,0.0,0.0,0.89,0.18,24549.0,0.0,0.0,0.0,0.0,0.0
0.0,0.0,0.0,63092.0,2445.0,786.0,14.0,0.0,0.4,0.91,6.13,1105.06,44705.0,0.0,0.0,0.0,0.0,0.0
0.0,0.0,1.0,0.0,22382.0,181.0,942.0,0.02,0.0,1.4,0.62,0.93,4575.0,0.0,0.0,0.0,0.0,0.0
1.0,1.0,0.0,58.0,0.0,32.0,1.0,1.95,0.61,1.4,0.0,3138.91,104.0,0.0,0.0,0.0,0.0,0.0
1.0,0.0,0.0,55948.0,5009.0,7.0,2013.0,5.49,0.97,1.1,0.06,5.22,55954.0,0.0,1.0,1.0,1.0,0.0
1.0,0.0,0.0,404.0,68.0,218.0,0.0,0.0,0.57,0.66,0.15,55.93,2575.0,0.0,0.0,0.0,1.0,0.0
1.0,1.0,0.0,0.0,1078.0,1.0,98.0,0.0,0.0,0.0,0.28,0.06,11260.0,0.0,0.0,0.0,1.0,0.0
1.0,0.0,0.0,0.0,41578.0,161.0,641.0,0.02,0.02,0.98,1.25,3.6,938563.0,0.0,1.0,0.0,1.0,0.0
1.0,1.0,0.0,0.0,4754.0,0.0,72.0,0.51,1.0,0.0,4.2,2.23,4046.0,0.0,1.0,1.0,0.0,0.0
0.0,0.0,0.0,840.0,194.0,213.0,5.0,0.33,0.03,0.54,0.36,24.48,4039.0,0.0,0.0,0.0,0.0,0.0
1.0,1.0,0.0,0.0,501.0,1.0,69.0,0.0,1.0,0.0,0.29,0.32,2901.0,0.0,0.0,0.0,1.0,0.0
0.0,1.0,0.0,402.0,279.0,1120.0,0.0,0.15,0.31,0.47,0.38,1861.98,722.0,0.0,0.0,0.0,0.0,0.0
0.0,0.0,0.0,31.0,1537957.0,174.0,4183.0,0.26,0.58,0.82,2279.37,796.48,837.0,1.0,0.0,0.0,0.0,0.0
1.0,0.0,0.0,0.0,56.0,1.0,11.0,0.0,1.0,0.0,0.03,0.01,5037.0,0.0,0.0,0.0,1.0,0.0
1.0,1.0,1.0,552.0,16.0,170.0,0.0,0.06,0.49,1.25,0.0,3920.82,506.0,0.0,0.0,0.0,0.0,0.0
0.0,0.0,0.0,1634.0,1169817.0,951.0,15501.0,0.45,0.33,1.74,244.82,588.99,44656.0,1.0,0.0,0.0,0.0,0.0
1.0,1.0,0.0,1.0,755.0,59.0,68.0,0.01,2.0,0.0,0.06,0.08,7383.0,0.0,1.0,1.0,1.0,0.0
1.0,0.0,0.0,0.0,21.0,0.0,12.0,0.01,0.0,0.0,0.14,0.03,376.0,0.0,0.0,0.0,0.0,0.0
1.0,1.0,1.0,0.0,54.0,36.0,13.0,0.04,0.06,0.95,0.0,0.0,248033.0,0.0,1.0,1.0,1.0,0.0
1.0,1.0,0.0,0.0,508.0,1.0,54.0,0.03,0.0,0.02,0.64,0.07,39584.0,0.0,0.0,0.0,0.0,0.0
0.0,0.0,0.0,166.0,31751.0,999.0,1380.0,0.08,0.37,1.26,3.45,1862.03,3068.0,1.0,0.0,0.0,0.0,0.0
1.0,0.0,0.0,0.0,149.0,0.0,25.0,0.0,1.0,0.0,0.01,0.0,118863.0,0.0,0.0,0.0,1.0,0.0
0.0,0.0,0.0,1858.0,33047.0,217.0,640.0,0.54,0.8,1.37,8.89,2.94,1241.0,1.0,0.0,0.0,0.0,0.0
0.0,0.0,0.0,766.0,418.0,1349.0,52.0,0.16,0.49,1.1,0.22,2735.46,864.0,0.0,0.0,0.0,0.0,0.0
1.0,1.0,0.0,0.0,84.0,1.0,17.0,0.0,1.0,0.0,0.02,0.01,1000.0,0.0,1.0,1.0,1.0,0.0
0.0,0.0,0.0,44.0,527.0,161.0,23.0,0.06,0.28,0.46,0.01,10.99,15488.0,0.0,0.0,0.0,0.0,0.0
0.0,1.0,0.0,2116.0,1775.0,262.0,21.0,0.19,0.53,1.48,2.58,2116.0,2188.0,0.0,0.0,0.0,0.0,0.0
0.0,0.0,0.0,1394.0,1623.0,5001.0,44.0,0.0,1.0,0.11,0.01,0.0,118095.0,0.0,0.0,0.0,0.0,0.0
0.0,0.0,0.0,3949.0,97394.0,555.0,937.0,0.07,0.84,0.48,23.98,214.28,3929.0,1.0,0.0,0.0,0.0,0.0
1.0,1.0,0.0,4.0,4690.0,0.0,123.0,0.0,0.0,0.0,0.75,0.2,11525.0,0.0,0.0,0.0,1.0,0.0
1.0,0.0,0.0,0.0,12533.0,12666.0,211.0,0.12,0.59,0.22,7.91,13.23,65289.0,0.0,1.0,1.0,0.0,0.0
0.0,0.0,0.0,158.0,213.0,287.0,4.0,0.01,0.45,0.15,0.04,2.64,5056.0,0.0,0.0,0.0,0.0,0.0
0.0,1.0,0.0,540.0,161.0,298.0,22.0,0.19,0.72,1.92,0.87,97.44,776.0,0.0,0.0,0.0,0.0,0.0
0.0,0.0,0.0,529.0,252.0,170.0,26.0,1.12,0.93,0.62,0.76,356.75,2743.0,0.0,0.0,0.0,0.0,0.0
1.0,0.0,0.0,185.0,1411.0,2171.0,25.0,0.94,1.05,0.72,0.31,125.08,266.0,0.0,0.0,0.0,0.0,0.0
1.0,1.0,0.0,0.0,224.0,0.0,23.0,0.0,1.0,0.0,0.38,0.18,2512.0,0.0,1.0,1.0,1.0,0.0
1.0,1.0,0.0,242.0,103.0,1.0,20.0,0.0,1.0,0.0,0.0,0.16,9433.0,0.0,1.0,1.0,1.0,0.0
1.0,0.0,0.0,5.0,183.0,1.0,15.0,0.0,1.0,0.0,0.06,0.01,14781.0,0.0,0.0,0.0,1.0,0.0
0.0,1.0,0.0,681.0,268.0,2338.0,6.0,0.73,0.56,0.63,0.12,7.21,231.0,0.0,0.0,0.0,0.0,0.0
0.0,0.0,0.0,0.0,643.0,30.0,66.0,0.0,0.28,0.01,0.05,0.23,213.0,1.0,0.0,0.0,0.0,0.0
1.0,0.0,0.0,0.0,5.0,1.0,8.0,0.0,1.0,0.0,0.01,0.0,246.0,0.0,0.0,0.0,1.0,0.0
1.0,1.0,0.0,0.0,78.0,0.0,25.0,0.0,1.0,0.0,0.03,0.01,22951.0,0.0,0.0,0.0,1.0,0.0
1.0,0.0,0.0,45.0,61.0,228.0,7.0,0.02,0.99,0.99,0.02,0.0,470.0,0.0,0.0,0.0,0.0,0.0
0.0,1.0,0.0,1411.0,855170.0,175.0,5595.0,0.01,0.66,1.75,37.22,7.13,10298.0,1.0,0.0,0.0,0.0,0.0
0.0,1.0,0.0,463.0,14632.0,13939.0,28.0,0.71,0.74,0.73,0.67,196.47,2402.0,0.0,0.0,0.0,0.0,0.0
1.0,0.0,0.0,0.0,87.0,1.0,11.0,0.0,0.0,0.0,0.04,0.0,5324.0,0.0,0.0,0.0,0.0,0.0
1.0,1.0,0.0,0.0,67.0,0.0,26.0,0.0,1.0,0.0,0.09,0.02,3947.0,0.0,0.0,0.0,1.0,0.0
0.0,0.0,0.0,3463.0,1549858.0,4553.0,12058.0,0.29,0.64,0.96,340.09,140.24,34346.0,1.0,0.0,0.0,0.0,0.0
0.0,1.0,0.0,1047.0,52.0,885.0,1.0,0.01,0.57,1.45,0.31,562.46,1201.0,0.0,0.0,0.0,0.0,0.0
1.0,1.0,0.0,2426.0,954.0,1.0,149.0,0.0,0.0,0.0,0.0,0.0,1542706.0,0.0,0.0,0.0,1.0,0.0
0.0,0.0,0.0,18.0,31811.0,14.0,848.0,0.21,0.42,0.71,168.92,39.22,370.0,1.0,0.0,0.0,0.0,0.0
1.0,1.0,1.0,0.0,27.0,2.0,15.0,0.0,1.01,0.0,0.01,0.01,10043.0,0.0,0.0,0.0,0.0,0.0
0.0,0.0,0.0,4968.0,979325.0,2474.0,16005.0,0.1,0.62,0.89,397.65,454.01,53271.0,1.0,0.0,0.0,0.0,0.0
0.0,0.0,0.0,46.0,6554.0,4907.0,51.0,0.61,1.12,0.76,0.06,1431.1,2942.0,0.0,0.0,0.0,0.0,0.0
0.0,0.0,0.0,14627.0,741708.0,407.0,5097.0,0.05,0.24,1.13,455.79,44.55,19400.0,1.0,0.0,0.0,0.0,0.0
0.0,0.0,0.0,1287.0,943.0,1108.0,22.0,0.47,0.42,1.31,0.12,40637.07,7410.0,0.0,0.0,0.0,0.0,0.0
1.0,0.0,0.0,0.0,936.0,0.0,40.0,0.01,1.0,0.0,1.12,0.02,25266.0,0.0,1.0,1.0,1.0,0.0
1.0,0.0,0.0,51.0,78.0,245.0,0.0,0.14,0.97,0.36,0.03,352.2,318.0,0.0,0.0,0.0,0.0,0.0
0.0,0.0,0.0,4789.0,14050918.0,220.0,41940.0,0.2,0.49,0.54,1381.74,3149.83,8722.0,1.0,0.0,0.0,0.0,0.0
0.0,0.0,0.0,476.0,2130362.0,1975.0,6602.0,0.4,0.81,1.62,79.44,6419.24,33402.0,1.0,0.0,0.0,0.0,0.0
1.0,0.0,0.0,30.0,276.0,1.0,18.0,0.0,1.0,0.0,0.23,0.01,3223.0,0.0,0.0,0.0,1.0,0.0
1.0,0.0,0.0,0.0,1279.0,7.0,6.0,0.0,0.01,0.0,0.12,0.01,44243.0,0.0,1.0,1.0,1.0,0.0
0.0,1.0,0.0,33.0,1050.0,7.0,11.0,0.29,0.58,0.6,12.67,31.95,897.0,0.0,0.0,0.0,0.0,0.0
0.0,0.0,0.0,8928.0,366360.0,910.0,4278.0,0.13,0.65,0.89,9.75,126.22,15968.0,1.0,0.0,0.0,0.0,0.0
0.0,0.0,0.0,1.0,141478.0,1.0,3684.0,0.0,0.07,0.08,74.81,252.31,377.0,1.0,1.0,1.0,1.0,0.0
1.0,0.0,0.0,98.0,359.0,1068.0,33.0,6.63,1.0,0.57,0.67,0.43,808.0,0.0,0.0,0.0,1.0,0.0
1.0,1.0,0.0,0.0,486.0,1.0,19.0,0.0,0.01,0.01,2.02,1.48,281.0,0.0,0.0,0.0,1.0,0.0
0.0,0.0,0.0,10260.0,1857900.0,30805.0,6536.0,0.03,0.43,1.57,1130.28,239.46,6930.0,1.0,0.0,0.0,1.0,0.0
1.0,0.0,0.0,0.0,104.0,47.0,15.0,0.0,1.0,0.0,0.06,0.02,3604.0,0.0,0.0,0.0,1.0,0.0
1.0,1.0,0.0,2.0,892.0,7.0,116.0,0.0,1.0,1.0,0.35,0.17,35869.0,0.0,1.0,1.0,1.0,0.0
1.0,0.0,0.0,1984.0,3263.0,45.0,4672.0,4.62,0.83,1.25,0.0,43.69,299657.0,0.0,1.0,1.0,1.0,0.0
0.0,1.0,0.0,7.0,332.0,328.0,6.0,0.56,0.33,1.01,0.05,1809.63,2097.0,0.0,0.0,0.0,0.0,0.0
0.0,0.0,0.0,17141.0,6097.0,782.0,813.0,0.61,0.29,3.06,1.37,5.46,20711.0,0.0,0.0,0.0,0.0,0.0
1.0,0.0,0.0,0.0,2216.0,1.0,134.0,0.0,1.84,0.0,10.87,4.8,3816.0,0.0,1.0,1.0,1.0,0.0
0.0,1.0,0.0,7737.0,322.0,408.0,10.0,0.39,0.42,1.21,0.11,4909.98,4697.0,0.0,0.0,0.0,1.0,0.0
1.0,1.0,0.0,108.0,2343.0,0.0,40.0,0.0,1.0,0.0,1.53,1.6,18708.0,0.0,1.0,1.0,1.0,0.0
1.0,0.0,0.0,145.0,85.0,495.0,0.0,0.41,0.23,1.09,0.13,1100.98,647.0,0.0,0.0,1.0,1.0,0.0
0.0,0.0,0.0,367.0,15336.0,211.0,540.0,0.32,0.45,1.41,6.22,406.03,5694.0,1.0,0.0,0.0,0.0,0.0
0.0,0.0,0.0,807.0,5208443.0,338.0,32378.0,0.46,0.94,1.27,334.93,2392.85,5193.0,1.0,0.0,0.0,0.0,0.0
1.0,0.0,0.0,0.0,42748.0,0.0,436.0,0.0,1.0,0.0,84.92,17.74,29271.0,0.0,0.0,0.0,1.0,0.0
1.0,1.0,0.0,114.0,8.0,738.0,0.0,1.61,0.52,1.91,0.0,7739.02,129.0,0.0,0.0,0.0,1.0,0.0
0.0,0.0,0.0,15087.0,18087083.0,7852.0,52711.0,0.43,0.9,0.31,4953.58,1127.75,29014.0,1.0,0.0,0.0,0.0,0.0
1.0,1.0,0.0,0.0,21.0,0.0,12.0,0.0,0.0,0.0,0.0,0.0,52437.0,0.0,1.0,0.0,1.0,0.0
1.0,1.0,0.0,0.0,218.0,0.0,16.0,0.0,0.0,1.0,1.22,0.61,622.0,0.0,1.0,1.0,1.0,0.0
1.0,0.0,0.0,124.0,1823518.0,1.0,6590.0,0.0,0.33,0.0,320.85,117.77,581450.0,0.0,0.0,0.0,0.0,0.0
0.0,1.0,0.0,11895.0,1332.0,1846.0,42.0,0.04,0.49,1.57,0.58,211.2,38866.0,0.0,0.0,0.0,0.0,0.0
1.0,1.0,0.0,0.0,305.0,65.0,35.0,0.0,0.0,0.0,0.05,0.05,10790.0,0.0,0.0,0.0,0.0,0.0
0.0,0.0,0.0,4484.0,176.0,545.0,1.0,0.16,0.42,1.04,1.88,17615.85,2487.0,0.0,0.0,0.0,0.0,0.0
0.0,0.0,0.0,123.0,980610.0,214.0,3200.0,0.82,0.56,1.96,521.93,79.34,2266.0,1.0,0.0,0.0,0.0,0.0
0.0,0.0,0.0,151.0,5786.0,252.0,202.0,0.54,0.65,3.26,0.81,1.86,5947.0,1.0,0.0,0.0,0.0,0.0
1.0,0.0,0.0,3992.0,890.0,1213.0,52.0,0.0,0.0,0.14,0.22,0.11,25338.0,0.0,0.0,0.0,1.0,0.0
0.0,1.0,0.0,89.0,12.0,49.0,1.0,0.16,0.19,0.4,0.11,7122.24,155.0,0.0,0.0,0.0,1.0,0.0
0.0,0.0,0.0,4483.0,1527568.0,23826.0,7590.0,0.15,0.81,0.79,1884.01,719.11,10350.0,1.0,0.0,0.0,0.0,0.0
0.0,0.0,0.0,2362.0,2135.0,3452.0,219.0,0.65,0.5,1.11,0.14,872.87,8334.0,0.0,0.0,0.0,0.0,0.0
1.0,0.0,0.0,0.0,14.0,1.0,3.0,0.0,0.0,0.0,0.02,0.01,2384.0,0.0,0.0,0.0,0.0,0.0
1.0,1.0,1.0,0.0,54.0,1.0,6.0,0.0,1.0,0.0,0.06,0.04,898.0,0.0,0.0,0.0,1.0,0.0
1.0,1.0,0.0,11.0,519.0,6.0,13.0,0.08,0.8,0.03,1.87,0.57,72512.0,0.0,1.0,1.0,0.0,0.0
0.0,0.0,0.0,0.0,34.0,50.0,0.0,0.22,0.01,0.86,0.0,3.96,113.0,0.0,0.0,0.0,0.0,0.0
0.0,0.0,0.0,350.0,10917293.0,358.0,22891.0,0.55,0.91,0.49,5038.39,713.15,14232.0,1.0,0.0,0.0,0.0,0.0
1.0,1.0,0.0,0.0,54.0,1.0,17.0,0.0,0.0,0.0,0.01,0.01,17645.0,0.0,1.0,1.0,1.0,0.0
0.0,0.0,0.0,109.0,89.0,64.0,1.0,0.03,0.01,0.59,0.01,120.99,5345.0,0.0,0.0,0.0,0.0,0.0
0.0,0.0,0.0,43.0,2972.0,553.0,120.0,0.08,0.49,0.73,1.43,51.44,255.0,0.0,1.0,0.0,0.0,0.0
1.0,1.0,0.0,2.0,72.0,93.0,7.0,0.0,0.0,0.0,0.6,0.71,375.0,0.0,0.0,0.0,1.0,0.0
0.0,0.0,0.0,28.0,190.0,322.0,9.0,0.84,1.16,0.03,0.2,0.03,448.0,0.0,0.0,0.0,1.0,0.0
1.0,1.0,0.0,0.0,311.0,0.0,43.0,0.01,0.0,0.0,0.03,0.06,43162.0,0.0,1.0,1.0,1.0,0.0
0.0,0.0,0.0,4109.0,54271.0,45.0,460.0,0.13,0.7,1.06,18.82,5.82,12369.0,1.0,0.0,0.0,1.0,0.0
0.0,0.0,0.0,2602.0,4306.0,5000.0,371.0,1.84,0.94,2.65,0.55,1.07,9130.0,0.0,0.0,0.0,0.0,0.0
1.0,1.0,0.0,9.0,332.0,57.0,21.0,0.0,0.0,0.0,1.36,0.08,58657.0,0.0,0.0,0.0,1.0,0.0
0.0,1.0,0.0,2226.0,297.0,1195.0,0.0,0.07,0.32,0.51,0.5,1450.37,2179.0,0.0,0.0,0.0,1.0,0.0
0.0,0.0,0.0,9.0,666.0,1364.0,2.0,0.01,0.07,0.36,0.01,50.87,642.0,0.0,0.0,0.0,0.0,0.0
0.0,1.0,0.0,3967.0,34.0,94.0,1.0,0.08,0.45,1.34,0.41,3860.32,579.0,0.0,0.0,0.0,0.0,0.0
1.0,0.0,0.0,253.0,484.0,923.0,0.0,0.0,1.0,0.0,0.0,0.0,13127.0,0.0,0.0,0.0,0.0,0.0
0.0,0.0,0.0,1800.0,5948.0,6660.0,232.0,0.05,0.72,1.14,0.04,3450.43,18905.0,1.0,0.0,0.0,0.0,0.0
0.0,0.0,0.0,32818.0,15639662.0,288.0,44963.0,0.07,0.5,0.7,2171.32,920.26,33933.0,1.0,0.0,0.0,0.0,0.0
1.0,1.0,0.0,3.0,271.0,3.0,3.0,0.0,0.99,0.0,0.0,0.0,68413.0,0.0,0.0,0.0,1.0,0.0
0.0,1.0,0.0,22.0,4396.0,3784.0,15.0,1.75,1.36,0.0,0.3,0.03,3545.0,0.0,0.0,0.0,1.0,0.0
1.0,1.0,1.0,0.0,34.0,0.0,4.0,0.0,1.0,0.0,0.71,0.5,445.0,0.0,1.0,1.0,1.0,0.0
1.0,1.0,0.0,0.0,351.0,2.0,41.0,0.0,0.0,0.0,0.01,0.0,37672.0,0.0,0.0,0.0,1.0,0.0
0.0,0.0,0.0,3375.0,102683.0,5961.0,6014.0,0.52,0.69,1.63,8.28,48.57,5854.0,0.0,0.0,0.0,1.0,0.0
0.0,0.0,0.0,45100.0,10113.0,7962.0,377.0,0.23,0.58,1.01,0.67,2052.74,55257.0,0.0,0.0,0.0,0.0,0.0
0.0,1.0,0.0,135.0,50.0,58.0,6.0,0.26,1.05,1.12,0.13,565.01,309.0,0.0,0.0,0.0,0.0,0.0
1.0,0.0,0.0,286.0,2076.0,118.0,52.0,0.01,1.46,0.0,17.45,9.15,1988.0,0.0,0.0,0.0,0.0,0.0
1.0,1.0,0.0,3.0,30.0,17.0,2.0,0.0,0.0,1.02,0.1,0.1,173.0,0.0,0.0,0.0,0.0,0.0
0.0,0.0,0.0,8996.0,1794822.0,562.0,6308.0,0.07,0.35,0.97,9967.11,2312.88,5354.0,1.0,0.0,0.0,0.0,0.0
1.0,1.0,0.0,4.0,49.0,2.0,25.0,1.0,0.0,0.13,0.0,0.04,18514.0,0.0,0.0,0.0,0.0,0.0
0.0,0.0,0.0,1531.0,573374.0,532.0,8101.0,0.39,0.86,0.52,10.35,10.59,16362.0,1.0,0.0,0.0,0.0,0.0
1.0,1.0,0.0,7413.0,2927.0,519.0,207.0,0.0,1.0,0.02,0.21,1.35,110265.0,0.0,1.0,0.0,1.0,0.0
0.0,1.0,0.0,1016.0,123.0,159.0,0.0,0.03,0.31,0.41,0.29,1209.1,1553.0,0.0,0.0,0.0,0.0,0.0
1.0,0.0,0.0,3533.0,2437958.0,100279.0,13401.0,0.0,0.35,0.25,462.57,275.43,81832.0,0.0,0.0,0.0,0.0,0.0
0.0,0.0,0.0,16493.0,2329628.0,921.0,13705.0,0.22,0.71,0.59,60.3,49.87,54501.0,1.0,0.0,0.0,0.0,0.0
1.0,1.0,0.0,0.0,59.0,0.0,16.0,0.0,1.0,0.0,0.17,0.0,623.0,0.0,0.0,0.0,1.0,0.0
0.0,0.0,0.0,0.0,351.0,3.0,18.0,0.06,0.0,0.0,0.28,0.58,6426.0,0.0,1.0,1.0,1.0,0.0
0.0,0.0,0.0,88.0,439991.0,243.0,3724.0,0.47,0.91,0.79,644.5,37.59,8701.0,1.0,0.0,0.0,0.0,0.0
1.0,1.0,0.0,0.0,289.0,0.0,32.0,0.0,0.0,0.0,0.03,0.03,8984.0,0.0,0.0,0.0,1.0,0.0
0.0,1.0,0.0,2481.0,20539.0,1500.0,438.0,0.19,0.53,1.18,5.14,46.74,1252.0,0.0,0.0,0.0,0.0,0.0
0.0,1.0,0.0,1.0,2560.0,3159.0,6.0,2.24,1.73,0.0,0.03,0.01,214.0,0.0,0.0,0.0,0.0,0.0
0.0,0.0,0.0,1326.0,10450796.0,1165.0,38806.0,0.69,0.62,0.84,219.3,243.22,63522.0,1.0,0.0,0.0,0.0,0.0
0.0,0.0,0.0,231.0,98291.0,160.0,702.0,0.77,0.67,0.65,93.02,131.61,1438.0,1.0,0.0,0.0,0.0,0.0
0.0,0.0,0.0,2360.0,351356.0,1102.0,3242.0,0.43,0.61,1.14,40.91,941.39,33397.0,1.0,0.0,0.0,0.0,0.0
0.0,0.0,0.0,5910.0,13556.0,1078.0,704.0,0.43,0.47,1.32,1.51,1313.53,7305.0,1.0,0.0,0.0,0.0,0.0
1.0,1.0,0.0,0.0,7341.0,90.0,26.0,0.73,0.8,0.96,1.13,1373.19,3840.0,0.0,1.0,1.0,1.0,0.0
0.0,0.0,0.0,3539.0,50663.0,867.0,665.0,0.04,0.27,1.67,2.89,0.58,216.0,1.0,0.0,0.0,0.0,0.0
0.0,0.0,0.0,131.0,10356246.0,2242.0,8936.0,0.31,0.68,1.41,7893.78,5047.41,11525.0,1.0,0.0,0.0,0.0,0.0
1.0,1.0,0.0,38.0,100.0,44.0,26.0,0.04,0.05,0.04,0.0,0.0,245807.0,0.0,1.0,0.0,1.0,0.0
0.0,0.0,0.0,95.0,913.0,1527.0,39.0,0.32,1.34,0.54,1.69,3.59,1150.0,0.0,0.0,0.0,0.0,0.0
0.0,0.0,0.0,615.0,13429259.0,102.0,14153.0,0.46,0.89,0.78,3386.13,311.06,6913.0,1.0,0.0,0.0,0.0,0.0
0.0,0.0,0.0,325.0,19733.0,810.0,360.0,0.28,0.5,0.64,20.8,8.06,24523.0,1.0,0.0,0.0,0.0,0.0
0.0,0.0,0.0,8882.0,54396.0,228.0,884.0,0.1,0.41,1.29,240.81,13.84,5452.0,1.0,0.0,0.0,0.0,0.0
0.0,0.0,0.0,5.0,650.0,781.0,3.0,0.91,0.07,0.2,0.51,7.85,374.0,0.0,0.0,0.0,0.0,0.0
0.0,0.0,0.0,1040.0,2300824.0,494.0,9691.0,0.61,0.52,1.64,558.02,338.54,59677.0,1.0,0.0,0.0,0.0,0.0
0.0,0.0,0.0,52.0,1205776.0,657.0,7723.0,0.22,0.23,1.11,26.65,36333.74,113275.0,1.0,0.0,0.0,0.0,0.0
0.0,0.0,0.0,1.0,93.0,52.0,0.0,1.81,0.6,0.48,0.0,552.35,2507.0,0.0,0.0,0.0,0.0,0.0
1.0,1.0,0.0,0.0,124.0,2.0,5.0,0.0,1.0,0.0,1.16,0.26,1031.0,0.0,0.0,0.0,1.0,0.0
1.0,0.0,0.0,63.0,385.0,665.0,20.0,0.0,0.99,1.0,0.01,0.0,26073.0,0.0,1.0,1.0,0.0,0.0
0.0,0.0,0.0,6539.0,3120.0,799.0,100.0,0.01,0.46,1.02,43.34,11.25,1156.0,1.0,0.0,0.0,0.0,0.0
1.0,0.0,0.0,1.0,17.0,28.0,3.0,0.0,0.0,1.0,0.0,0.0,150.0,0.0,1.0,0.0,1.0,0.0
0.0,1.0,0.0,49.0,725.0,4860.0,25.0,0.65,0.33,1.4,0.01,55.65,11012.0,0.0,0.0,0.0,0.0,0.0
1.0,1.0,0.0,0.0,27.0,1.0,12.0,0.0,0.0,2.79,0.17,0.02,145.0,0.0,1.0,1.0,1.0,0.0
0.0,0.0,0.0,2761.0,223492.0,369.0,1736.0,0.25,0.62,1.19,52.67,5100.38,8421.0,1.0,0.0,0.0,0.0,0.0
0.0,0.0,0.0,173.0,26318.0,5348.0,898.0,1.9,0.84,1.16,1.88,2.06,15349.0,1.0,0.0,0.0,0.0,0.0
1.0,0.0,0.0,0.0,39.0,44.0,6.0,0.0,1.0,0.0,0.06,0.02,189.0,0.0,1.0,1.0,1.0,0.0
0.0,0.0,0.0,1314.0,142794.0,1830.0,852.0,0.19,1.11,0.61,331.98,167.52,5495.0,1.0,0.0,0.0,0.0,0.0
1.0,0.0,0.0,0.0,87.0,95.0,20.0,0.0,0.0,0.0,0.01,0.0,25855.0,0.0,0.0,0.0,0.0,0.0
1.0,0.0,0.0,10.0,733.0,11.0,26.0,0.0,0.99,0.04,1.04,1.33,1780.0,0.0,0.0,1.0,1.0,0.0
1.0,1.0,0.0,0.0,195.0,2.0,53.0,0.0,0.0,0.01,0.13,0.03,8468.0,0.0,1.0,1.0,1.0,0.0
0.0,0.0,0.0,8.0,2164550.0,72.0,7244.0,0.25,0.95,0.38,8736.73,1817.39,622.0,1.0,0.0,0.0,0.0,0.0
1.0,1.0,0.0,9.0,9809.0,23.0,195.0,0.0,1.0,0.0,0.66,0.9,19659.0,0.0,0.0,0.0,1.0,0.0
1.0,1.0,0.0,161.0,2.0,923.0,4.0,1.41,0.58,1.59,0.0,6329.21,211.0,0.0,0.0,0.0,0.0,0.0
0.0,0.0,0.0,1912.0,78844056.0,127191.0,224930.0,0.42,0.82,0.51,35077.31,7963.39,8756.0,1.0,0.0,0.0,0.0,0.0
0.0,0.0,0.0,258.0,26609.0,1185.0,1237.0,0.12,0.73,0.84,8.5,5.28,5400.0,1.0,0.0,0.0,0.0,0.0
0.0,0.0,0.0,4622.0,208624.0,1056.0,1777.0,0.55,0.91,1.55,37.51,43.05,9517.0,1.0,0.0,0.0,0.0,0.0
1.0,1.0,0.0,0.0,37.0,0.0,12.0,0.0,1.0,0.27,0.32,0.09,300.0,0.0,1.0,1.0,1.0,0.0
1.0,1.0,0.0,0.0,141.0,0.0,36.0,0.0,0.0,0.0,0.03,0.01,19669.0,0.0,1.0,1.0,1.0,0.0
1.0,0.0,0.0,0.0,2054.0,1.0,53.0,0.0,1.0,0.0,0.3,0.15,19357.0,0.0,1.0,1.0,1.0,0.0
1.0,1.0,0.0,1171.0,14637.0,6380.0,633.0,0.94,0.89,0.2,1.64,1.74,13414.0,0.0,0.0,0.0,0.0,0.0
0.0,0.0,0.0,24340.0,97138.0,8456.0,6172.0,0.32,0.68,0.71,27.87,1208.68,65324.0,1.0,0.0,0.0,1.0,0.0
1.0,0.0,0.0,6.0,2658.0,155.0,117.0,0.0,1.0,0.05,2.89,2.83,34029.0,0.0,0.0,0.0,1.0,0.0
0.0,0.0,0.0,1633.0,27907.0,22039.0,392.0,0.01,0.48,0.76,23.76,1.97,2568.0,1.0,0.0,0.0,0.0,0.0
0.0,0.0,0.0,1814.0,1218.0,1026.0,103.0,0.98,0.91,1.82,0.56,21.33,7049.0,0.0,0.0,0.0,0.0,0.0
0.0,0.0,0.0,5.0,32502.0,37.0,1876.0,0.13,0.13,0.25,0.65,13.68,768.0,1.0,0.0,0.0,0.0,0.0
1.0,0.0,0.0,0.0,91.0,0.0,28.0,0.0,0.0,0.0,0.73,0.0,8696.0,0.0,1.0,1.0,1.0,0.0
0.0,0.0,0.0,476.0,693200.0,93.0,118.0,0.54,0.63,1.01,891.6,2737.58,1022.0,1.0,0.0,0.0,0.0,0.0
1.0,1.0,0.0,89887.0,3806.0,4930.0,85.0,0.0,0.0,0.7,0.06,0.0,136656.0,0.0,1.0,1.0,1.0,0.0
1.0,1.0,0.0,0.0,47.0,1.0,15.0,0.0,1.0,0.0,0.04,0.01,1913.0,0.0,0.0,0.0,1.0,0.0
0.0,0.0,0.0,62.0,875529.0,383.0,7105.0,0.45,0.99,0.47,1328.7,423.42,5463.0,1.0,0.0,0.0,0.0,0.0
1.0,0.0,0.0,152.0,3312.0,1772.0,64.0,0.49,0.92,0.32,9.99,6.36,2183.0,0.0,0.0,1.0,1.0,0.0
1.0,1.0,0.0,0.0,44.0,1.0,9.0,0.01,0.0,0.09,0.06,0.02,676.0,0.0,0.0,0.0,1.0,0.0
0.0,0.0,0.0,2463.0,5377.0,192.0,149.0,0.33,0.51,0.95,2.04,1536.95,2897.0,1.0,0.0,0.0,0.0,0.0
0.0,0.0,0.0,1138.0,1079132.0,437.0,4575.0,0.13,0.75,0.72,43.08,5.83,26400.0,1.0,0.0,0.0,1.0,0.0
0.0,0.0,0.0,0.0,83034.0,2.0,3118.0,0.03,1.0,0.08,8.22,33.02,189.0,1.0,0.0,0.0,0.0,0.0
0.0,0.0,0.0,28.0,44652.0,84.0,234.0,0.0,0.98,0.07,71.17,29.48,3140.0,1.0,0.0,0.0,0.0,0.0
0.0,0.0,0.0,19996.0,2572.0,1548.0,111.0,0.02,0.54,0.92,5.03,118.46,9427.0,0.0,0.0,0.0,0.0,0.0
0.0,1.0,0.0,205.0,119959.0,3.0,3301.0,0.2,0.47,1.62,149.68,109.56,136.0,1.0,0.0,0.0,0.0,0.0
1.0,0.0,0.0,4.0,3039.0,1.0,129.0,0.0,0.0,0.0,1.68,0.93,9149.0,0.0,0.0,0.0,1.0,0.0
1.0,0.0,0.0,140.0,284.0,221.0,6.0,0.08,0.57,0.27,0.02,3.01,1105.0,0.0,0.0,0.0,0.0,0.0
0.0,0.0,0.0,3042.0,211.0,490.0,5.0,0.17,0.32,0.84,0.58,172.87,1841.0,0.0,0.0,0.0,0.0,0.0
0.0,1.0,1.0,0.0,2.0,8.0,0.0,0.0,1.0,0.0,0.03,0.0,985.0,0.0,0.0,0.0,0.0,0.0
0.0,0.0,0.0,2.0,427.0,749.0,0.0,0.01,0.01,0.24,0.02,6.76,237.0,0.0,0.0,0.0,0.0,0.0
0.0,0.0,0.0,473.0,548449.0,793.0,1946.0,0.09,0.65,0.87,287.9,2097.64,24252.0,1.0,0.0,0.0,0.0,0.0
1.0,1.0,0.0,0.0,66.0,20.0,12.0,0.0,0.0,0.0,0.18,0.03,2346.0,0.0,0.0,1.0,0.0,0.0
0.0,0.0,0.0,422.0,11216390.0,0.0,30416.0,0.12,0.92,0.47,4174.3,1464.86,7614.0,1.0,0.0,0.0,0.0,0.0
1.0,0.0,0.0,14500.0,105864.0,1119.0,485.0,0.21,0.85,0.59,24.54,4.25,21417.0,1.0,0.0,0.0,1.0,0.0
1.0,0.0,0.0,5.0,489.0,2.0,23.0,0.0,0.0,0.0,0.15,0.02,20547.0,0.0,1.0,1.0,1.0,0.0
0.0,0.0,0.0,11337.0,148763.0,939.0,1628.0,0.02,0.34,1.1,768.61,1843.49,128734.0,1.0,0.0,0.0,0.0,0.0
0.0,0.0,0.0,5591.0,902.0,4975.0,0.0,0.03,0.41,1.18,0.19,416.11,9485.0,0.0,0.0,0.0,0.0,0.0
1.0,0.0,0.0,2640.0,42967.0,2.0,490.0,0.02,0.73,1.08,0.37,0.06,205617.0,0.0,0.0,0.0,0.0,0.0
1.0,1.0,0.0,9.0,18393.0,2.0,131.0,0.0,1.94,0.0,0.04,0.0,610193.0,0.0,1.0,0.0,0.0,0.0
0.0,0.0,0.0,3498.0,200727.0,593.0,1944.0,0.23,0.67,1.22,60.47,21.46,25892.0,1.0,0.0,0.0,0.0,0.0
0.0,0.0,0.0,3014.0,17351.0,11100.0,122.0,1.36,1.49,0.04,0.41,1.03,7776.0,0.0,0.0,0.0,0.0,0.0
1.0,0.0,0.0,0.0,1307.0,0.0,108.0,0.18,0.74,0.0,0.02,0.03,620202.0,0.0,1.0,1.0,1.0,0.0
0.0,0.0,0.0,116460.0,7011.0,4399.0,97.0,0.01,0.3,1.05,66.06,236.53,54552.0,0.0,0.0,0.0,0.0,0.0
0.0,0.0,0.0,472.0,64073.0,745.0,2222.0,0.56,0.89,0.68,12.47,37.28,4011.0,1.0,0.0,0.0,0.0,0.0
0.0,0.0,0.0,1661.0,722.0,2146.0,47.0,0.19,0.68,0.9,0.28,7124.65,9408.0,0.0,0.0,0.0,1.0,0.0
0.0,0.0,0.0,0.0,61.0,66.0,0.0,0.11,0.24,0.25,0.0,20.1,255.0,0.0,0.0,0.0,0.0,0.0
1.0,0.0,0.0,0.0,28.0,1.0,5.0,0.0,0.0,0.01,0.04,0.0,579.0,0.0,0.0,1.0,1.0,0.0
0.0,0.0,0.0,13098.0,3412365.0,1768.0,6179.0,0.64,0.72,1.25,352.47,78.61,14103.0,1.0,0.0,0.0,0.0,0.0
1.0,0.0,0.0,0.0,86.0,48.0,10.0,1.0,0.0,0.0,0.06,0.01,16728.0,0.0,0.0,0.0,0.0,0.0
0.0,0.0,0.0,4123.0,1449.0,1292.0,5.0,0.11,0.6,1.14,0.92,7069.93,9307.0,0.0,0.0,0.0,0.0,0.0
1.0,1.0,0.0,4.0,94.0,1.0,20.0,0.29,0.16,1.22,0.0,1.46,6338.0,0.0,1.0,1.0,1.0,0.0
0.0,0.0,0.0,8466.0,7097374.0,40271.0,16039.0,1.07,0.92,1.37,2679.22,684.56,59992.0,1.0,0.0,0.0,0.0,0.0
0.0,0.0,0.0,2145.0,90.0,467.0,0.0,0.13,0.64,1.02,0.17,6219.29,176.0,0.0,0.0,0.0,0.0,0.0
0.0,0.0,0.0,1833.0,830.0,687.0,101.0,0.92,0.32,1.62,0.11,22.98,2541.0,0.0,0.0,0.0,0.0,0.0
0.0,1.0,0.0,40.0,0.0,61.0,0.0,0.2,0.08,1.26,0.09,380.16,109.0,0.0,0.0,0.0,0.0,0.0
1.0,0.0,0.0,2.0,810.0,3.0,19.0,0.0,1.0,0.0,0.84,0.7,1125.0,0.0,1.0,1.0,1.0,0.0
